{
  "norm_stats": {
    "state": {
      "mean": [
        0.5194709897041321,
        0.0007801312021911144,
        0.32062068581581116,
        0.3165229558944702,
        -0.08591698855161667,
        -0.05026041343808174,
        0.6112188100814819
      ],
      "std": [
        0.11888303607702255,
        0.17850282788276672,
        0.16598699986934662,
        2.9129178524017334,
        0.36002814769744873,
        0.7621229887008667,
        0.4874734580516815
      ],
      "q01": [
        0.2675357460975647,
        -0.4406791031360626,
        -0.04441464692354202,
        -3.1385245323181152,
        -1.2122633457183838,
        -2.135298728942871,
        -9.999999960041972e-13
      ],
      "q99": [
        0.781855583190918,
        0.4365129768848419,
        0.785929262638092,
        3.136990785598755,
        0.9026767015457153,
        1.9987776279449463,
        0.999755859375
      ],
      "num_transitions": 27667646,
      "num_trajectories": 95658
    },
    "actions": {
      "mean": [
        0.0004999221418984234,
        5.423001312010456e-6,
        -0.0004226486198604107,
        -0.00006316761573543772,
        -0.00033835257636383176,
        -0.00019176039495505393,
        0.5713135600090027
      ],
      "std": [
        0.003660832531750202,
        0.0047302162274718285,
        0.005090543534606695,
        0.01563018374145031,
        0.011726331897079945,
        0.01909114420413971,
        0.4948882460594177
      ],
      "q01": [
        -0.010571252554655075,
        -0.015025153756141663,
        -0.01434334646910429,
        -0.03974480926990509,
        -0.03836805373430252,
        -0.05330754444003105,
        -9.999999960041972e-13
      ],
      "q99": [
        0.012006973847746849,
        0.014925121329724789,
        0.01583583652973175,
        0.039421021938323975,
        0.0349467433989048,
        0.051404986530542374,
        0.999755859375
      ],
      "num_transitions": 27667646,
      "num_trajectories": 95658
    }
  }
}