{
  "norm_stats": {
    "state": {
      "mean": [
        -0.10957757383584976,
        -0.018410706892609596,
        -0.7842404842376709,
        0.24756844341754913,
        0.4769574701786041,
        0.2735738158226013,
        0.44102054834365845
      ],
      "std": [
        0.09623178839683533,
        0.1836819052696228,
        0.08694778382778168,
        0.4824693202972412,
        0.2198987454175949,
        1.1467992067337036,
        0.3587171733379364
      ],
      "q01": [
        -0.3174271285533905,
        -0.3304358422756195,
        -0.9820370674133301,
        -0.8991361260414124,
        -0.2109629064798355,
        -2.316307783126831,
        -9.999999960041972e-13
      ],
      "q99": [
        0.11179522424936295,
        0.3865799903869629,
        -0.6107949018478394,
        1.255443811416626,
        0.9571720957756042,
        2.409841775894165,
        0.800048828125
      ],
      "num_transitions": 5977339,
      "num_trajectories": 43264
    },
    "actions": {
      "mean": [
        -0.000023581367713632062,
        0.0010199793614447117,
        -0.0003971353580709547,
        0.0011184397153556347,
        -0.0004048549453727901,
        0.0028877865988761187,
        0.8346115350723267
      ],
      "std": [
        0.004426687955856323,
        0.005934091750532389,
        0.004034908954054117,
        0.027874065563082695,
        0.011521486565470695,
        0.022445660084486008,
        0.37153080105781555
      ],
      "q01": [
        -0.012637441977858543,
        -0.017821697518229485,
        -0.011897007934749126,
        -0.029371993616223335,
        -0.0318705216050148,
        -0.0425974577665329,
        -9.999999960041972e-13
      ],
      "q99": [
        0.015359255485236645,
        0.020851215347647667,
        0.0130997309461236,
        0.03351345658302307,
        0.03445444628596306,
        0.05492705479264259,
        0.999755859375
      ],
      "num_transitions": 5977339,
      "num_trajectories": 43264
    }
  }
}