{
  "norm_stats": {
    "state": {
      "mean": [
        0.6848294734954834,
        0.3068861663341522,
        0.6764466166496277,
        -1.787585973739624,
        0.018856776878237724,
        -1.4288184642791748,
        75.9901123046875,
        0.6550106406211853,
        -0.3131915032863617,
        0.6552125215530396,
        -1.6927111148834229,
        0.14659857749938965,
        -0.6382150650024414,
        67.68641662597656
      ],
      "std": [
        0.08281784504652023,
        0.08245056867599487,
        0.18498055636882782,
        1.1077219247817993,
        0.6132209897041321,
        1.9970768690109253,
        38.875728607177734,
        0.08675429970026016,
        0.09701410681009293,
        0.16185805201530457,
        1.2453546524047852,
        0.49965593218803406,
        0.7956864833831787,
        37.46974563598633
      ],
      "q01": [
        0.5230211615562439,
        0.11103953421115875,
        0.35938698053359985,
        -3.1031737327575684,
        -1.4557346105575562,
        -3.0740485191345215,
        34.70940017700195,
        0.48069435358047485,
        -0.53312087059021,
        0.27845045924186707,
        -3.023670196533203,
        -0.9772765636444092,
        -2.7578020095825195,
        34.66666793823242
      ],
      "q99": [
        0.8387711048126221,
        0.47928062081336975,
        1.2616714239120483,
        3.0878591537475586,
        1.3234927654266357,
        3.110902786254883,
        122.16434478759766,
        0.8636472821235657,
        0.0522175133228302,
        1.1195539236068726,
        2.9535934925079346,
        1.463971734046936,
        1.853398084640503,
        119.82067108154297
      ],
      "num_transitions": 24901,
      "num_trajectories": 10
    },
    "actions": {
      "mean": [
        8.271722435893025e-6,
        -6.31927488115025e-9,
        -5.283567134028999e-6,
        -0.00002765652425296139,
        0.00002886483707698062,
        -0.00006325665162876248,
        0.48286938667297363,
        5.829767815157538e-6,
        8.777263360570942e-7,
        -0.000010760797522380017,
        -0.00003204003587597981,
        0.0000988253959803842,
        -0.000092165959358681,
        0.5705470442771912
      ],
      "std": [
        0.0008198139839805663,
        0.0008633595425635576,
        0.0008892625919543207,
        0.004614782519638538,
        0.0050580366514623165,
        0.024729138240218163,
        0.49883726239204407,
        0.000787346507422626,
        0.0011516055092215538,
        0.0009944415651261806,
        0.0034908833913505077,
        0.003870280459523201,
        0.027112547308206558,
        0.49431100487709045
      ],
      "q01": [
        -0.0027158986777067184,
        -0.0028166561387479305,
        -0.002676696516573429,
        -0.01673842780292034,
        -0.016192208975553513,
        -0.04664739593863487,
        -9.999999960041972e-13,
        -0.002617188496515155,
        -0.004083980340510607,
        -0.003038242692127824,
        -0.010546511970460415,
        -0.01091567613184452,
        -0.02846834622323513,
        -9.999999960041972e-13
      ],
      "q99": [
        0.0026493764016777277,
        0.003021474927663803,
        0.003102704416960478,
        0.013787619769573212,
        0.016695277765393257,
        0.0374569371342659,
        0.999755859375,
        0.002408232307061553,
        0.003266402054578066,
        0.0034663903061300516,
        0.011906476691365242,
        0.012796476483345032,
        0.03677384927868843,
        0.999755859375
      ],
      "num_transitions": 24901,
      "num_trajectories": 10
    }
  }
}