{
  "norm_stats": {
    "state": {
      "mean": [
        0.33565255999565125,
        -0.22016043961048126,
        -0.3277358412742615,
        0.898381769657135,
        0.5874611735343933,
        1.0480693578720093,
        -1.2046316862106323
      ],
      "std": [
        0.5766914486885071,
        0.6287120580673218,
        0.5144363045692444,
        0.5479652285575867,
        0.42533546686172485,
        0.3712967038154602,
        0.6950030326843262
      ],
      "q01": [
        -0.46592700481414795,
        -1.4804726839065552,
        -1.7592785358428955,
        0.09373466670513153,
        -0.06543844193220139,
        0.2645529806613922,
        -2.447380781173706
      ],
      "q99": [
        2.2608628273010254,
        0.8004376888275146,
        0.30627909302711487,
        2.1384406089782715,
        1.6091161966323853,
        1.873216152191162,
        0.11187463998794556
      ],
      "num_transitions": 3966,
      "num_trajectories": 150
    },
    "actions": {
      "mean": [
        409.4072570800781,
        117.0002212524414,
        190.32125854492188,
        -127.43033599853516,
        -32.47751235961914,
        49.0169677734375,
        0.7327281832695007
      ],
      "std": [
        122.98697662353516,
        107.473876953125,
        129.5419921875,
        109.50668334960938,
        26.564590454101562,
        40.858375549316406,
        0.4425354301929474
      ],
      "q01": [
        195.9658203125,
        -103.065185546875,
        -96.04491424560547,
        -180.00001525878906,
        -87.00537109375,
        -39.013267517089844,
        -9.999999960041972e-13
      ],
      "q99": [
        644.892578125,
        366.89453125,
        491.9433898925781,
        179.91212463378906,
        0.9902474880218506,
        101.9780044555664,
        0.999755859375
      ],
      "num_transitions": 3966,
      "num_trajectories": 150
    }
  }
}