{
  "norm_stats": {
    "state": {
      "mean": [
        -0.07181771099567413,
        -0.2733239531517029,
        0.06655576080083847,
        -2.523548126220703,
        -0.2124071717262268,
        0.8580356240272522,
        0.0686618760228157
      ],
      "std": [
        0.38886791467666626,
        0.3804364800453186,
        0.43595078587532043,
        0.320575475692749,
        0.5983097553253174,
        0.31557899713516235,
        0.4893101751804352
      ],
      "q01": [
        -1.7820947861671448,
        -1.5304019963741302,
        -0.7362851542234421,
        -2.973399701118469,
        -2.3936410427093504,
        -0.11542696237564087,
        -1.3498566591739654
      ],
      "q99": [
        0.6563272631168342,
        0.3471399387717246,
        1.7734041380882082,
        -1.8278421342372895,
        1.3810831427574075,
        1.5740663886070245,
        1.6168907928466796
      ],
      "num_transitions": 39288,
      "num_trajectories": 126
    },
    "actions": {
      "mean": [
        0.38624873757362366,
        0.0033864921424537897,
        0.3608848750591278,
        -0.697345495223999,
        0.18263684213161469,
        0.029472149908542633,
        0.0
      ],
      "std": [
        0.12290466576814651,
        0.18713875114917755,
        0.10105306655168533,
        0.6277521848678589,
        0.3013080060482025,
        0.32256436347961426,
        0.0
      ],
      "q01": [
        0.17272488579154013,
        -0.3091081029176712,
        0.23250862523913385,
        -2.5176365685462954,
        -0.6620596247911453,
        -0.8117776608467102,
        0.0
      ],
      "q99": [
        0.6212857085466381,
        0.3416591736674308,
        0.673393754363059,
        0.7252763611078251,
        0.8224537032842631,
        0.7450209224224085,
        0.0
      ],
      "num_transitions": 39288,
      "num_trajectories": 126
    }
  }
}