{
  "norm_stats": {
    "state": {
      "mean": [
        -0.22879538598738694,
        0.7131169032145361,
        -0.5626530904814588,
        0.12732545232501322,
        -0.0029225463062115017,
        -0.12878357982351318,
        0.24675756733765922,
        1.0447630238463543,
        -0.7339935396607989,
        0.06553643300285832,
        -0.041356585094098036,
        0.14715606937696685,
        21.421163228156875,
        18.96667358672564
      ],
      "std": [
        0.3578402560007718,
        0.8800931471470224,
        0.693722795926768,
        0.4492050955376023,
        0.2945854021157261,
        0.4005747789874357,
        0.37983271872926133,
        0.9397162859419825,
        0.700331249943423,
        0.49654420862046156,
        0.20091768577811853,
        0.38367533184817293,
        30.781514440068978,
        31.98184089997126
      ],
      "q01": [
        -1.04462468624115,
        -0.0019254903309047222,
        -1.9518356323242188,
        -1.5212420225143433,
        -1.512304425239563,
        -1.1426608562469482,
        -0.3982435166835785,
        -0.0013346892083063722,
        -1.9404399394989014,
        -1.4235807657241821,
        -0.6917076110839844,
        -0.9646999835968018,
        1.5618338584899902,
        0.784631073474884
      ],
      "q99": [
        0.5844757556915283,
        2.4159035682678223,
        -0.00008591673395130783,
        1.171007752418518,
        0.7535160183906555,
        0.8128026127815247,
        1.0716453790664673,
        2.442467212677002,
        -0.0002728145627770573,
        1.1720542907714844,
        0.38972175121307373,
        1.0133594274520874,
        97.89494323730469,
        97.62667083740234
      ],
      "num_transitions": 394987,
      "num_trajectories": 1784
    },
    "actions": {
      "mean": [
        -0.22860734577973452,
        0.713812100145068,
        -0.5570965784949884,
        0.1274058643860431,
        -0.005856330249872148,
        -0.12974294684065552,
        12.961691144265508,
        0.24700265056191723,
        1.045378075734138,
        -0.7296209273976105,
        0.06590617420636628,
        -0.04045202110686554,
        0.1478722618560864,
        16.05931334448982
      ],
      "std": [
        0.35823260885082836,
        0.8808119995008757,
        0.6997714036442778,
        0.4559815017897806,
        0.30961166886634006,
        0.40314493083594294,
        33.53534226314192,
        0.3803329909051605,
        0.9399980022416627,
        0.706784370355857,
        0.5025228050959651,
        0.20350649286297606,
        0.3890470566643897,
        36.64806301385855
      ],
      "q01": [
        -1.0448371171951294,
        -0.005201153457164764,
        -1.9532192945480347,
        -1.5806410312652588,
        -1.5497362613677979,
        -1.1493111848831177,
        -9.999999960041972e-13,
        -0.3988642394542694,
        -0.003667921293526888,
        -1.9408730268478394,
        -1.435503363609314,
        -0.7026492953300476,
        -0.9705773591995239,
        -9.999999960041972e-13
      ],
      "q99": [
        0.5870292782783508,
        2.418494462966919,
        0.21774475276470184,
        1.1791330575942993,
        0.7619982361793518,
        0.8169474005699158,
        99.9755859375,
        1.0719372034072876,
        2.4431469440460205,
        0.2589401304721832,
        1.1895194053649902,
        0.3985384404659271,
        1.0212537050247192,
        99.9755859375
      ],
      "num_transitions": 394987,
      "num_trajectories": 1784
    }
  }
}