{
  "norm_stats": {
    "state": {
      "mean": [
        0.5639036297798157,
        0.0026733677368611097,
        0.07475969940423965,
        0.8378813862800598,
        0.4495539665222168,
        -0.005651907529681921,
        0.0015231483848765492
      ],
      "std": [
        0.03767763078212738,
        0.16724693775177002,
        0.03198302537202835,
        0.14860345423221588,
        0.2713959515094757,
        0.007635871879756451,
        0.004910822492092848
      ],
      "q01": [
        0.463905394077301,
        -0.28121742606163025,
        0.03002774342894554,
        0.31567269563674927,
        -0.34403833746910095,
        -0.02149238996207714,
        -0.010628613643348217
      ],
      "q99": [
        0.6445499062538147,
        0.2814826965332031,
        0.15504585206508636,
        0.9995823502540588,
        0.9476792216300964,
        0.01489546149969101,
        0.013559085316956043
      ],
      "num_transitions": 42328,
      "num_trajectories": 1647
    },
    "actions": {
      "mean": [
        -0.07139847427606583,
        0.023609010502696037,
        0.10241963714361191,
        0.0,
        0.0,
        0.04967108741402626,
        0.0
      ],
      "std": [
        0.18154475092887878,
        0.18109621107578278,
        0.21220436692237854,
        0.0,
        0.0,
        0.34755194187164307,
        0.0
      ],
      "q01": [
        -0.5537077784538269,
        -0.4799434244632721,
        -0.5318262577056885,
        0.0,
        0.0,
        -0.8857421875,
        0.0
      ],
      "q99": [
        0.4264798164367676,
        0.4996836483478546,
        0.6397425532341003,
        0.0,
        0.0,
        0.98388671875,
        0.0
      ],
      "num_transitions": 42328,
      "num_trajectories": 1647
    }
  }
}