{
  "norm_stats": {
    "state": {
      "mean": [
        0.2935517430305481,
        0.4220222532749176,
        0.4479619562625885,
        1.8101961612701416,
        -0.020539795979857445,
        1.2661851644515991
      ],
      "std": [
        0.11660683155059814,
        0.11778146773576736,
        0.15700861811637878,
        0.633169949054718,
        0.5034427642822266,
        0.4185495674610138
      ],
      "q01": [
        0.05047753565013409,
        0.12379724368453027,
        0.20107074365019798,
        0.9399163889884948,
        -0.8983065432310104,
        -0.058066629022359845
      ],
      "q99": [
        0.5462103098630906,
        0.6942999976873399,
        0.7588090109825134,
        3.0820784878730776,
        0.9432363063097005,
        1.9538367426395418
      ],
      "num_transitions": 5650,
      "num_trajectories": 57
    },
    "actions": {
      "mean": [
        0.0009542061015963554,
        -0.00007251287752296776,
        0.0001376887521473691,
        0.0010646769078448415,
        -0.0006729678134433925,
        -0.0011060559190809727,
        0.717522144317627
      ],
      "std": [
        0.012900999747216702,
        0.013433074578642845,
        0.012985358014702797,
        0.23959682881832123,
        0.05734451860189438,
        0.040748413652181625,
        0.4502025842666626
      ],
      "q01": [
        -0.031608414649963376,
        -0.031994760632514954,
        -0.03312714666128159,
        -0.13148387670516967,
        -0.1247845920920372,
        -0.11259509146213531,
        0.0
      ],
      "q99": [
        0.03083769440650948,
        0.040374265015125275,
        0.036605362296104456,
        0.11795918822288513,
        0.12294353276491167,
        0.0957099968194962,
        1.0
      ],
      "num_transitions": 5650,
      "num_trajectories": 57
    }
  }
}