{
  "norm_stats": {
    "state": {
      "mean": [
        0.4240796082309329,
        -0.013913079673045411,
        0.37670881672314743,
        -1.2008420997169449,
        -0.04776975384804346,
        -0.35918066560544226,
        0.049039366334225676
      ],
      "std": [
        0.10460810075493582,
        0.12741763672259096,
        0.1116317317041334,
        2.4599270385706804,
        0.38867026041006064,
        1.211271571975507,
        0.03180925020325626
      ],
      "q01": [
        0.20672670006752014,
        -0.2740230858325958,
        0.1316465139389038,
        -3.1323866844177246,
        -0.7500163912773132,
        -3.0279276371002197,
        -7.130621497708489e-7
      ],
      "q99": [
        0.6996997594833374,
        0.22397787868976593,
        0.5904155969619751,
        3.13238787651062,
        0.7673509120941162,
        2.797945499420166,
        0.08100011944770813
      ],
      "num_transitions": 358234,
      "num_trajectories": 570
    },
    "actions": {
      "mean": [
        0.0007790164820471745,
        0.00013707930626541198,
        -0.00025486180337165923,
        0.0012903375945654586,
        -0.004751786102864155,
        0.0026929000443625885,
        0.4885521753937371
      ],
      "std": [
        0.0080224202805561,
        0.00913156836240071,
        0.009574471237837627,
        0.041223001301498814,
        0.038429464371159995,
        0.04606953256161895,
        0.4998689301324741
      ],
      "q01": [
        -0.019994402304291725,
        -0.024157436564564705,
        -0.022948548197746277,
        -0.11086204648017883,
        -0.12034429609775543,
        -0.13317365944385529,
        -9.999999960041972e-13
      ],
      "q99": [
        0.022874625399708748,
        0.02235017530620098,
        0.024096615612506866,
        0.12360545247793198,
        0.11314675211906433,
        0.18469280004501343,
        0.999755859375
      ],
      "num_transitions": 358234,
      "num_trajectories": 570
    }
  }
}