{
  "norm_stats": {
    "state": {
      "mean": [
        0.44824326038360596,
        0.09392214566469193,
        0.1710004210472107,
        2.2154364585876465,
        0.012959955260157585,
        0.49675190448760986,
        0.7485799193382263
      ],
      "std": [
        0.07837273180484772,
        0.08452410995960236,
        0.0484926737844944,
        2.158797264099121,
        0.04730371758341789,
        0.5864680409431458,
        0.21316762268543243
      ],
      "q01": [
        -9.999999960041972e-13,
        -0.11820004135370255,
        -9.999999960041972e-13,
        -3.141592264175415,
        -0.07321051508188248,
        -0.06400694698095322,
        0.4240269362926483
      ],
      "q99": [
        0.5328200459480286,
        0.26077598333358765,
        0.27217692136764526,
        3.140058755874634,
        0.12430035322904587,
        1.7433446645736694,
        0.9997563362121582
      ],
      "num_transitions": 279380,
      "num_trajectories": 559,
      "min": [
        0.0,
        -0.16291481256484985,
        0.0,
        -3.141592264175415,
        -0.09831581264734268,
        -0.34105420112609863,
        0.0020364976953715086
      ],
      "max": [
        0.5655431151390076,
        0.3374997079372406,
        0.3071175515651703,
        3.1415927410125732,
        0.14536024630069733,
        1.8927756547927856,
        1.0
      ]
    },
    "actions": {
      "mean": [
        0.0008882501861080527,
        0.00030109562794677913,
        0.0003409362107049674,
        0.021565742790699005,
        0.00047619137330912054,
        0.016048960387706757,
        0.4314844310283661
      ],
      "std": [
        0.08280151337385178,
        0.022941196337342262,
        0.033390264958143234,
        0.5628613233566284,
        0.008451148867607117,
        0.13778120279312134,
        0.49526485800743103
      ],
      "q01": [
        -0.4338364899158478,
        -0.056507278233766556,
        -0.15373185276985168,
        -3.1155145168304443,
        -0.007948040030896664,
        -0.028051994740962982,
        -9.999999960041972e-13
      ],
      "q99": [
        0.4511289894580841,
        0.05642618611454964,
        0.16005483269691467,
        3.1247169971466064,
        0.03323310241103172,
        0.8295412063598633,
        0.999755859375
      ],
      "num_transitions": 279380,
      "num_trajectories": 559,
      "min": [
        -0.5500386357307434,
        -0.33719468116760254,
        -0.29644110798835754,
        -3.141592264175415,
        -0.09214825928211212,
        -0.2670952379703522,
        0.0
      ],
      "max": [
        0.5517299175262451,
        0.3371135890483856,
        0.2963957190513611,
        3.1415908336639404,
        0.14310692250728607,
        1.8250439167022705,
        1.0
      ]
    }
  }
}