{
  "norm_stats": {
    "state": {
      "mean": [
        0.546259880065918,
        0.006255363114178181,
        0.2312566488981247,
        -0.7587785720825195,
        0.00569366617128253,
        0.6776315569877625,
        0.6342854499816895
      ],
      "std": [
        0.061950307339429855,
        0.12935130298137665,
        0.1321946382522583,
        2.8473427295684814,
        0.0973537340760231,
        0.7311303019523621,
        0.36351755261421204
      ],
      "q01": [
        0.4011489450931549,
        -0.25208404660224915,
        0.01020830124616623,
        -3.1400585174560547,
        -0.21594753861427307,
        -0.19924896955490112,
        0.002634191419929266
      ],
      "q99": [
        0.6455191969871521,
        0.17838968336582184,
        0.44572147727012634,
        3.140058755874634,
        0.27366697788238525,
        1.8618361949920654,
        0.9806376099586487
      ],
      "num_transitions": 76174,
      "num_trajectories": 150,
      "min": [
        0.0,
        -0.33860740065574646,
        0.0,
        -3.141592502593994,
        -0.41752737760543823,
        -0.4541674554347992,
        0.0
      ],
      "max": [
        0.6980059742927551,
        0.20999883115291595,
        0.5037735104560852,
        3.1415927410125732,
        0.49280449748039246,
        2.243884563446045,
        0.9808771014213562
      ]
    },
    "actions": {
      "mean": [
        0.0003517060249578208,
        -0.0003170595446135849,
        0.000029393870136118494,
        0.0007686401950195432,
        0.00029149994952604175,
        0.0020645821932703257,
        0.7318507432937622
      ],
      "std": [
        0.01024151686578989,
        0.003143920563161373,
        0.006644077133387327,
        0.06940741091966629,
        0.006426461972296238,
        0.012300991453230381,
        0.44299572706222534
      ],
      "q01": [
        -0.005522783845663071,
        -0.008423895575106144,
        -0.006787041202187538,
        -0.015370480716228485,
        -0.02301160618662834,
        -0.046851031482219696,
        -9.999999960041972e-13
      ],
      "q99": [
        0.005094569176435471,
        0.0071472846902906895,
        0.008866065181791782,
        0.019910337403416634,
        0.020639726892113686,
        0.041415371000766754,
        0.999755859375
      ],
      "num_transitions": 76174,
      "num_trajectories": 150,
      "min": [
        -0.012793362140655518,
        -0.017458368092775345,
        -0.018247351050376892,
        -3.1415576934814453,
        -0.06175708770751953,
        -0.10138533264398575,
        0.0
      ],
      "max": [
        0.4599096477031708,
        0.03696104511618614,
        0.2679808735847473,
        3.141495704650879,
        0.08491712063550949,
        0.07875377684831619,
        1.0
      ]
    }
  }
}