{
  "norm_stats": {
    "state": {
      "mean": [
        0.516899585723877,
        0.0049054441042244434,
        0.3733479380607605,
        -1.030928373336792,
        -0.15193815529346466,
        -0.8275009989738464,
        0.530098021030426
      ],
      "std": [
        0.11139889061450958,
        0.19541800022125244,
        0.1389530450105667,
        2.7216696739196777,
        0.2871705889701843,
        0.4260578751564026,
        0.4366135597229004
      ],
      "q01": [
        0.23797990381717682,
        -0.41139569878578186,
        0.010009266436100006,
        -3.1369903087615967,
        -0.9666578769683838,
        -1.8096190690994263,
        -0.00011343110236339271
      ],
      "q99": [
        0.7510928511619568,
        0.547511637210846,
        0.6652862429618835,
        3.1354563236236572,
        0.5498128533363342,
        0.5316215753555298,
        1.014269471168518
      ],
      "num_transitions": 1110869,
      "num_trajectories": 7902,
      "min": [
        -0.26428329944610596,
        -0.6690786480903625,
        -0.11737073212862015,
        -3.141592264175415,
        -1.4651211500167847,
        -2.911562919616699,
        -0.0003612041473388672
      ],
      "max": [
        0.8196313977241516,
        0.7252005338668823,
        0.9137527346611023,
        3.141592264175415,
        1.3202887773513794,
        1.35053551197052,
        1.0145171880722046
      ]
    },
    "actions": {
      "mean": [
        0.0006197277107276022,
        0.0003577455645427108,
        -0.00010590433521429077,
        0.0002028754388447851,
        -0.0005405676201917231,
        -0.00020028701692353934,
        0.44235730171203613
      ],
      "std": [
        0.00559572409838438,
        0.008168976753950119,
        0.007099257782101631,
        0.014607120305299759,
        0.011703262105584145,
        0.016064276918768883,
        0.49666619300842285
      ],
      "q01": [
        -0.016271241009235382,
        -0.02225903980433941,
        -0.01819031871855259,
        -0.048796504735946655,
        -0.0420386902987957,
        -0.050545986741781235,
        -9.999999960041972e-13
      ],
      "q99": [
        0.015313326381146908,
        0.028920289129018784,
        0.023253729566931725,
        0.04748139530420303,
        0.03604089841246605,
        0.05461478978395462,
        0.999755859375
      ],
      "num_transitions": 1110869,
      "num_trajectories": 7902,
      "min": [
        -0.07434078305959702,
        -0.07339745759963989,
        -0.06539416313171387,
        -0.1688285619020462,
        -0.10289879888296127,
        -0.2667275667190552,
        0.0
      ],
      "max": [
        0.06042003631591797,
        0.09417290985584259,
        0.07019275426864624,
        0.2616892158985138,
        0.11751057207584381,
        0.16968433558940887,
        1.0
      ]
    }
  }
}