{
  "norm_stats": {
    "state": {
      "mean": [
        0.5516932010650635,
        0.04821212217211723,
        0.14027772843837738,
        0.693396270275116,
        0.005578610114753246,
        -0.9131214022636414,
        0.0,
        0.4966953694820404
      ],
      "std": [
        0.04515054449439049,
        0.10201570391654968,
        0.07319241017103195,
        3.063331365585327,
        0.011070314794778824,
        2.728170156478882,
        0.0,
        0.4999794065952301
      ],
      "q01": [
        0.47658849209547044,
        -0.14797456830739975,
        0.06680381372570991,
        -3.1415321826934814,
        -0.012622136930003762,
        -3.1411945819854736,
        0.0,
        0.0
      ],
      "q99": [
        0.6518244761228562,
        0.24460515812039385,
        0.36896153718233227,
        3.1415374279022217,
        0.04502774257212882,
        3.141114375591278,
        0.0,
        1.0
      ],
      "num_transitions": 306842,
      "num_trajectories": 26235
    },
    "actions": {
      "mean": [
        -0.0004254168306943029,
        0.00029214430833235383,
        -0.0013600956881418824,
        0.0,
        0.0,
        -0.03695124387741089,
        0.4154059886932373
      ],
      "std": [
        0.020936161279678345,
        0.029258359223604202,
        0.06421829760074615,
        0.0,
        0.0,
        0.14299529790878296,
        0.492238849401474
      ],
      "q01": [
        -0.06606246076524258,
        -0.08766283556818961,
        -0.15108443230390547,
        0.0,
        0.0,
        -0.5403128558397293,
        0.0
      ],
      "q99": [
        0.06687367066741054,
        0.0868266957998276,
        0.18122112840414117,
        0.0,
        0.0,
        0.2928620067238816,
        1.0
      ],
      "num_transitions": 306842,
      "num_trajectories": 26235
    }
  }
}