{
  "norm_stats": {
    "state": {
      "mean": [
        0.533844654659953,
        0.00046903674426469055,
        0.31224078572947345,
        0.3115538605610673,
        -0.08604136751672752,
        -0.04993658699890972,
        0.6072018928443786
      ],
      "std": [
        0.0,
        0.17296209649913863,
        0.15613617071111097,
        3.1013165716320468,
        0.34657265653962527,
        0.7404800202703964,
        0.48837255673367064
      ],
      "q01": [
        0.2669791281223297,
        -0.44233575463294983,
        -0.0431608222424984,
        -3.1385245323181152,
        -1.2137970924377441,
        -2.1276307106018066,
        -9.999999960041972e-13
      ],
      "q99": [
        0.7815772891044617,
        0.4369271397590637,
        0.7849888801574707,
        3.136990785598755,
        0.9003762006759644,
        1.998777151107788,
        0.999755859375
      ],
      "num_transitions": 27630375,
      "num_trajectories": 95658
    },
    "actions": {
      "mean": [
        0.0004996532419597092,
        6.307273747359111e-6,
        -0.00042414166870246965,
        -0.00006121037977480625,
        -0.0003392662852929068,
        -0.00019704791601634071,
        0.5713337947820107
      ],
      "std": [
        0.0035664955617705093,
        0.0046241777648796945,
        0.004961182342296453,
        0.01531371053354451,
        0.011415233142589565,
        0.0186846522326057,
        0.4948853298714744
      ],
      "q01": [
        -0.010571252554655075,
        -0.01505510974675417,
        -0.01434334646910429,
        -0.03974480926990509,
        -0.038138944655656815,
        -0.05327336862683296,
        -9.999999960041972e-13
      ],
      "q99": [
        0.012006973847746849,
        0.014947780407965183,
        0.01583583652973175,
        0.039421021938323975,
        0.0349467433989048,
        0.050229717046022415,
        0.999755859375
      ],
      "num_transitions": 27630375,
      "num_trajectories": 95658
    }
  }
}