{
  "norm_stats": {
    "state": {
      "mean": [
        0.25934454798698425,
        -0.006297342479228973,
        -0.018407145515084267,
        -0.12678469717502594,
        0.03181782364845276,
        0.02603967860341072,
        0.6322636008262634
      ],
      "std": [
        0.5541282892227173,
        0.7868561744689941,
        2.2353572845458984,
        0.6002511978149414,
        0.1615210622549057,
        0.29460951685905457,
        0.3970199525356293
      ],
      "q01": [
        -0.3352524936199188,
        -0.6552271246910095,
        -0.4494715631008148,
        -1.6011219024658203,
        -0.48110219836235046,
        -0.8958896994590759,
        1.419646878275671e-6
      ],
      "q99": [
        1.1986628770828247,
        0.6032790541648865,
        0.36820629239082336,
        1.5108909606933594,
        0.47688037157058716,
        1.1343215703964233,
        0.998185932636261
      ],
      "num_transitions": 1134703,
      "num_trajectories": 5208,
      "min": [
        -38.132118225097656,
        -41.24584197998047,
        -132.0138397216797,
        -3.141023874282837,
        -1.439084768295288,
        -3.1076149940490723,
        1.4196479014572105e-6
      ],
      "max": [
        22.86707878112793,
        20.860679626464844,
        35.44658660888672,
        3.1412851810455322,
        1.4167351722717285,
        3.140127658843994,
        0.9998947381973267
      ]
    },
    "actions": {
      "mean": [
        0.0011302824132144451,
        0.00011220456508453935,
        -0.00010221633419860154,
        -0.0006732510519213974,
        0.0000712439650669694,
        -0.00005434450213215314,
        0.630840003490448
      ],
      "std": [
        0.044426411390304565,
        0.042777519673109055,
        0.12253609299659729,
        0.011652175337076187,
        0.005057516507804394,
        0.0066191405057907104,
        0.39739829301834106
      ],
      "q01": [
        -0.02186308242380619,
        -0.019320910796523094,
        -0.021504947915673256,
        -0.04025862738490105,
        -0.010587570257484913,
        -0.017726190388202667,
        1.419646878275671e-6
      ],
      "q99": [
        0.016748875379562378,
        0.0023057227954268456,
        -0.021504947915673256,
        0.03537307679653168,
        0.008831335231661797,
        0.017507174983620644,
        0.998185932636261
      ],
      "num_transitions": 1134703,
      "num_trajectories": 5208,
      "min": [
        -21.605947494506836,
        -38.590423583984375,
        -123.72489929199219,
        -0.9000341296195984,
        -1.4328550100326538,
        -1.5997734069824219,
        1.4196479014572105e-6
      ],
      "max": [
        17.932697296142578,
        5.700923919677734,
        4.843764305114746,
        2.022489070892334,
        1.309898018836975,
        1.2299494743347168,
        0.9998947381973267
      ]
    }
  }
}