{
  "norm_stats": {
    "state": {
      "mean": [
        0.5588387846946716,
        -0.0022611855529248714,
        0.12596510350704193,
        -0.4337944984436035,
        0.0265920739620924,
        0.010557755827903748,
        0.038435548543930054
      ],
      "std": [
        0.08968837559223175,
        0.14624229073524475,
        0.07695417106151581,
        3.0717175006866455,
        0.08403968811035156,
        0.04624449461698532,
        0.029932361096143723
      ],
      "q01": [
        0.34951052069664,
        -0.285573273897171,
        0.010456055402755737,
        -3.1415905952453613,
        -0.15167365968227386,
        -0.07405269145965576,
        0.007596281822770834
      ],
      "q99": [
        0.7241602540016174,
        0.2064531147480011,
        0.32204651832580566,
        3.1400558948516846,
        0.1699131578207016,
        0.08042757958173752,
        0.0799594521522522
      ],
      "num_transitions": 34062,
      "num_trajectories": 50
    },
    "actions": {
      "mean": [
        0.00021088622452225536,
        -0.000106883242551703,
        -0.00015535148850176483,
        0.00019117919146083295,
        -0.000050138027290813625,
        -0.00004392064147396013,
        0.29980623722076416
      ],
      "std": [
        0.04714572802186012,
        0.013503145426511765,
        0.014515617862343788,
        0.26757702231407166,
        0.009360941126942635,
        0.004777861293405294,
        0.9540001153945923
      ],
      "q01": [
        -0.0067067197524011135,
        -0.008050835691392422,
        -0.008542698808014393,
        -0.005784862674772739,
        -0.01248951442539692,
        -0.006554242689162493,
        -1.0
      ],
      "q99": [
        0.0068596526980400085,
        0.006972075905650854,
        0.009701822884380817,
        0.004951352719217539,
        0.017920786514878273,
        0.006277821958065033,
        0.99951171875
      ],
      "num_transitions": 34062,
      "num_trajectories": 50
    }
  }
}