{
  "norm_stats": {
    "state": {
      "mean": [
        0.5620195071871187,
        0.049871006550413814,
        0.08106848806618992,
        -1.5672220112976125,
        0.02848815305365998,
        -0.03387692678997006,
        0.04537557409325032
      ],
      "std": [
        0.07150505847229828,
        0.0789914385736279,
        0.04074573289442108,
        2.6339723968737254,
        0.3019731968844851,
        0.9242480698906612,
        0.02221909591131473
      ],
      "q01": [
        0.36912626028060913,
        -0.18108341097831726,
        0.0057547567412257195,
        -3.140058755874634,
        -0.6126224994659424,
        -1.9957056045532227,
        0.0035194053780287504
      ],
      "q99": [
        0.6652540564537048,
        0.17714375257492065,
        0.18310435116291046,
        3.1385247707366943,
        0.9990463256835938,
        1.777866244316101,
        0.07972007989883423
      ],
      "num_transitions": 3942957,
      "num_trajectories": 5100
    },
    "actions": {
      "mean": [
        0.00005780665848021469,
        0.000022719071566244573,
        -6.942490476439075e-6,
        -0.0003826316014026719,
        -0.00009974069839263004,
        -0.002369930284079943,
        0.48788789733187554
      ],
      "std": [
        0.004098024405527816,
        0.004054657082643596,
        0.0037468086310918727,
        0.012873915014338884,
        0.022317881555805677,
        0.06854459270491393,
        0.49985327544086056
      ],
      "q01": [
        -0.013644866645336151,
        -0.014401163905858994,
        -0.009722410701215267,
        -0.04216558486223221,
        -0.08404210209846497,
        -0.18494002521038055,
        -9.999999960041972e-13
      ],
      "q99": [
        0.01492705661803484,
        0.013708537444472313,
        0.015786070376634598,
        0.039800114929676056,
        0.08245189487934113,
        0.19103078544139862,
        0.999755859375
      ],
      "num_transitions": 3942957,
      "num_trajectories": 5100
    }
  }
}