{
  "norm_stats": {
    "state": {
      "mean": [
        0.5144463777542114,
        -0.0437643826007843,
        0.17522676289081573,
        -0.5127657651901245,
        -0.03268280625343323,
        1.2893356084823608,
        0.27227339148521423
      ],
      "std": [
        0.07068607956171036,
        0.13670988380908966,
        0.07639873772859573,
        3.0530922412872314,
        0.3319612443447113,
        0.6521516442298889,
        0.4451298713684082
      ],
      "q01": [
        0.36545902490615845,
        -0.2874463200569153,
        0.0331890769302845,
        -3.141592502593994,
        -0.9321135878562927,
        -1.4594272375106812,
        -9.999999960041972e-13
      ],
      "q99": [
        0.6782629489898682,
        0.20984239876270294,
        0.3331405520439148,
        3.140058755874634,
        0.8341602683067322,
        2.307651996612549,
        0.999755859375
      ],
      "num_transitions": 1128847,
      "num_trajectories": 8612,
      "min": [
        0.32314637303352356,
        -0.34641459584236145,
        0.029209019616246223,
        -3.141592502593994,
        -1.0594866275787354,
        -1.577597975730896,
        0.0
      ],
      "max": [
        0.7458599805831909,
        0.2993985116481781,
        0.39971601963043213,
        3.1415927410125732,
        1.0442230701446533,
        2.6313371658325195,
        1.0
      ]
    },
    "actions": {
      "mean": [
        0.00007038345211185515,
        -0.0011892428155988455,
        -0.0009780284017324448,
        0.00010917898180196062,
        0.000023065784262144007,
        -0.0031876282300800085,
        0.26830917596817017
      ],
      "std": [
        0.0035397198516875505,
        0.005475196521729231,
        0.0065341489389538765,
        0.018224451690912247,
        0.0067902905866503716,
        0.02528548054397106,
        0.44307941198349
      ],
      "q01": [
        -0.012213997542858124,
        -0.025569280609488487,
        -0.015779826790094376,
        -0.07105310261249542,
        -0.02042221836745739,
        -0.08474106341600418,
        -9.999999960041972e-13
      ],
      "q99": [
        0.009212600067257881,
        0.009833918884396553,
        0.018523860722780228,
        0.06256377696990967,
        0.019289206713438034,
        0.08341937512159348,
        0.999755859375
      ],
      "num_transitions": 1128847,
      "num_trajectories": 8612,
      "min": [
        -0.043511927127838135,
        -0.07994621247053146,
        -0.04213014245033264,
        -0.17894349992275238,
        -0.10905351489782333,
        -0.2365930676460266,
        0.0
      ],
      "max": [
        0.03576841950416565,
        0.030918851494789124,
        0.06194978952407837,
        0.15035536885261536,
        0.10525214672088623,
        0.2057866007089615,
        1.0
      ]
    }
  }
}