{
  "norm_stats": {
    "state": {
      "mean": [],
      "std": [],
      "q01": [],
      "q99": [],
      "num_transitions": 187507,
      "num_trajectories": 1995
    },
    "actions": {
      "mean": [
        0.0014448889285737499,
        -0.0015945361737745125,
        -0.0011753810865540186,
        0.0023012391196249506,
        -0.000938244269088954,
        -0.00011485859646721627,
        0.5746025481715349
      ],
      "std": [
        0.049353908258293805,
        0.06354531554753695,
        0.06116544370168757,
        0.09553414506427804,
        0.08420042608614353,
        0.06517901591091262,
        0.49440313490744964
      ],
      "q01": [
        -0.1342826634645462,
        -0.20015840232372284,
        -0.14840561151504517,
        -0.20721948146820068,
        -0.0971655622124672,
        -0.18087035417556763,
        -9.999999960041972e-13
      ],
      "q99": [
        0.14941880106925964,
        0.1805761754512787,
        0.18842129409313202,
        0.2158174216747284,
        0.09406847506761551,
        0.18516786396503448,
        0.999755859375
      ],
      "num_transitions": 187507,
      "num_trajectories": 1995
    }
  }
}