{
  "norm_stats": {
    "state": {
      "mean": [
        0.14618690311908722,
        0.0,
        0.7567837834358215,
        0.0,
        0.0,
        0.0,
        -0.41348034143447876
      ],
      "std": [
        0.09960074722766876,
        0.0,
        0.15832439064979553,
        0.0,
        0.0,
        0.0,
        2.7364957332611084
      ],
      "q01": [
        0.017173347994685173,
        0.0,
        0.46026355028152466,
        0.0,
        0.0,
        0.0,
        -3.056230068206787
      ],
      "q99": [
        0.33089548349380493,
        0.0,
        1.0951576232910156,
        0.0,
        0.0,
        0.0,
        3.1002721786499023
      ],
      "num_transitions": 24881,
      "num_trajectories": 135
    },
    "actions": {
      "mean": [
        0.00036500778514891863,
        0.0,
        0.0016556481132283807,
        0.0,
        0.0,
        0.0,
        0.40086811780929565
      ],
      "std": [
        0.004092932678759098,
        0.0,
        0.0037825792096555233,
        0.0,
        0.0,
        0.0,
        0.4900743365287781
      ],
      "q01": [
        -0.0112361004576087,
        0.0,
        -0.0032684896141290665,
        0.0,
        -0.0,
        0.0,
        -9.999999960041972e-13
      ],
      "q99": [
        0.01450470183044672,
        0.0,
        0.015102725476026535,
        0.0,
        -0.0,
        0.0,
        0.999755859375
      ],
      "num_transitions": 24881,
      "num_trajectories": 135
    }
  }
}