{
  "norm_stats": {
    "state": {
      "mean": [
        0.5588377714157104,
        -0.002261193236336112,
        0.1259649395942688,
        -0.4939018189907074,
        -0.027243468910455704,
        -0.011401156894862652,
        0.483170747756958
      ],
      "std": [
        0.08969223499298096,
        0.1462424099445343,
        0.07695440948009491,
        3.063631057739258,
        0.08428972214460373,
        0.045197729021310806,
        0.3742920458316803
      ],
      "q01": [
        0.34951052069664,
        -0.285573273897171,
        0.010456055402755737,
        -3.1415889263153076,
        -0.17084112763404846,
        -0.07993479818105698,
        0.09620070457458496
      ],
      "q99": [
        0.7241602540016174,
        0.2064531147480011,
        0.32204651832580566,
        3.1400578022003174,
        0.1509522944688797,
        0.07358676195144653,
        0.9997564554214478
      ],
      "num_transitions": 34062,
      "num_trajectories": 50,
      "min": [
        0.0,
        -0.31078848242759705,
        0.0,
        -3.1415889263153076,
        -0.22788631916046143,
        -0.10977832973003387,
        0.0024354851339012384
      ],
      "max": [
        0.7684353590011597,
        0.22995209693908691,
        0.3893454968929291,
        3.141591787338257,
        0.17152756452560425,
        0.08394449949264526,
        1.0
      ]
    },
    "actions": {
      "mean": [
        0.00021088689391035587,
        -0.00010688304610084742,
        -0.00015535260899923742,
        -0.0005464949645102024,
        -0.00028484256472438574,
        -0.000053946332627674565,
        0.3500968813896179
      ],
      "std": [
        0.04714706912636757,
        0.013503423891961575,
        0.014515727758407593,
        0.26768067479133606,
        0.009409688413143158,
        0.004688051529228687,
        0.47700005769729614
      ],
      "q01": [
        -0.0067067197524011135,
        -0.008050835691392422,
        -0.008542698808014393,
        -0.0055745248682796955,
        -0.020483743399381638,
        -0.006301503628492355,
        -9.999999960041972e-13
      ],
      "q99": [
        0.0068596526980400085,
        0.006972075905650854,
        0.009701822884380817,
        0.0036273302976042032,
        0.011904777027666569,
        0.006205772515386343,
        0.999755859375
      ],
      "num_transitions": 34062,
      "num_trajectories": 50,
      "min": [
        -0.6965567469596863,
        -0.30114489793777466,
        -0.3839660584926605,
        -3.1403398513793945,
        -0.1762453317642212,
        -0.08118832856416702,
        0.0
      ],
      "max": [
        0.6926397681236267,
        0.3021281063556671,
        0.38644179701805115,
        3.1414599418640137,
        0.1613205224275589,
        0.07940666377544403,
        1.0
      ]
    }
  }
}