{
  "norm_stats": {
    "state": {
      "mean": [
        -0.10984128776138927,
        -0.017874603574168018,
        -0.7884829740646397,
        0.24705478451999247,
        0.4750687803684729,
        0.27240378911137825,
        0.5712176322876172
      ],
      "std": [
        0.09529922143115802,
        0.18344661992106392,
        0.023920818675495458,
        0.48248623658912837,
        0.22303069902588277,
        1.1479521816111946,
        0.32780266970004573
      ],
      "q01": [
        -0.3174271285533905,
        -0.331877201795578,
        -0.9823794960975647,
        -0.9037171006202698,
        -0.2200416773557663,
        -2.3209097385406494,
        0.199951171875
      ],
      "q99": [
        0.11125735193490982,
        0.3881834149360657,
        -0.6114798188209534,
        1.2569708824157715,
        0.9571720957756042,
        2.4221134185791016,
        0.999755859375
      ],
      "num_transitions": 5972271,
      "num_trajectories": 43264
    },
    "actions": {
      "mean": [
        -0.000021684294983262542,
        0.001013059294937805,
        -0.0003926946805887367,
        0.0011018370945595905,
        -0.0004053905207552119,
        0.0028753440666665995,
        0.8343437529877663
      ],
      "std": [
        0.004407028777196181,
        0.005890914124456259,
        0.0040148134802810926,
        0.027906889681273958,
        0.011446222756751548,
        0.022234203692670134,
        0.37177177789344834
      ],
      "q01": [
        -0.012658096849918365,
        -0.017821697518229485,
        -0.011897007934749126,
        -0.029371993616223335,
        -0.0318705216050148,
        -0.042797449976205826,
        -9.999999960041972e-13
      ],
      "q99": [
        0.015309655107557774,
        0.020851215347647667,
        0.0130997309461236,
        0.03351345658302307,
        0.03445444628596306,
        0.055061906576156616,
        0.999755859375
      ],
      "num_transitions": 5972271,
      "num_trajectories": 43264
    }
  }
}