{
  "norm_stats": {
    "state": {
      "mean": [
        0.3730159762697752,
        0.13084071900552957,
        0.38137102628151753,
        -0.034483675129165864,
        -0.17433477243856615,
        0.4615542403232349,
        0.14933265414505006
      ],
      "std": [
        0.11391711061982512,
        0.2699276033446753,
        0.1125110206528697,
        3.0405250956006804,
        0.1867308091154272,
        0.6889209878543195,
        0.2826888156314845
      ],
      "q01": [
        0.13822945952415466,
        -0.42905062437057495,
        0.20519359409809113,
        -3.140054702758789,
        -0.686652421951294,
        -1.2827585935592651,
        -0.45375144481658936
      ],
      "q99": [
        0.6706024408340454,
        0.5935283899307251,
        0.5966649651527405,
        3.138521194458008,
        0.12480884790420532,
        1.7919069528579712,
        0.7276231050491333
      ],
      "num_transitions": 234195,
      "num_trajectories": 3603
    },
    "actions": {
      "mean": [
        -0.000027874333106315234,
        0.00026428860190146866,
        0.00016101294830888455,
        0.0003006309496735159,
        -0.00015936412341761806,
        0.00019366250233304177,
        0.41960332201797645
      ],
      "std": [
        0.003927186679165858,
        0.006419144634135758,
        0.0046465157179591664,
        0.007843103328922489,
        0.008464415508768475,
        0.023853884166963855,
        0.49349404674165503
      ],
      "q01": [
        -0.01269726175814867,
        -0.019314473494887352,
        -0.009893573820590973,
        -0.022539960220456123,
        -0.025816068053245544,
        -0.07066643983125687,
        -9.999999960041972e-13
      ],
      "q99": [
        0.010802578181028366,
        0.01865539513528347,
        0.015280014835298061,
        0.021633939817547798,
        0.022739745676517487,
        0.07655971497297287,
        0.999755859375
      ],
      "num_transitions": 234195,
      "num_trajectories": 3603
    }
  }
}