{
  "norm_stats": {
    "state": {
      "mean": [
        -0.07773804537885944,
        -0.4322989777390568,
        0.2734129968815138,
        0.004901705886498909,
        -0.017178621436233877,
        0.9914368852592496,
        0.12673885629722512
      ],
      "std": [
        0.13532148291315807,
        0.09030074111055293,
        0.052654839347208396,
        0.008765333194762052,
        0.01603770143109865,
        0.0,
        0.018343349526401258
      ],
      "q01": [
        -0.38123002648353577,
        -0.6314195394515991,
        0.16676411032676697,
        -0.0506749264895916,
        -0.06705127656459808,
        0.9788970351219177,
        0.08017008751630783
      ],
      "q99": [
        0.19572141766548157,
        -0.2730952203273773,
        0.39294955134391785,
        0.01841549389064312,
        0.0619400255382061,
        0.9965906143188477,
        0.1841019093990326
      ],
      "num_transitions": 76760,
      "num_trajectories": 1085
    },
    "actions": {
      "mean": [
        0.00006769795539541876,
        -0.00019197277627679566,
        -0.0001521334292802915,
        1.5597378931174744e-6,
        -1.2554409814228795e-6,
        4.216325879407587e-6,
        0.33957790515893693
      ],
      "std": [
        0.003927046850340584,
        0.003256967239798671,
        0.0035482856673698764,
        0.0004832778161780037,
        0.000406356738445601,
        0.00009035973697729429,
        0.47356599485901113
      ],
      "q01": [
        -0.00743858003988862,
        -0.007251424249261618,
        -0.007688646204769611,
        -0.0014604016905650496,
        -0.0011654567206278443,
        -0.0002678635355550796,
        -9.999999960041972e-13
      ],
      "q99": [
        0.007261084858328104,
        0.007030842360109091,
        0.00798425730317831,
        0.0013769041979685426,
        0.001199140097014606,
        0.00025427713990211487,
        0.999755859375
      ],
      "num_transitions": 76760,
      "num_trajectories": 1085
    }
  }
}