{
  "norm_stats": {
    "state": {
      "mean": [
        0.5148833832219956,
        -0.043771259247267345,
        0.175212697668506,
        -0.3753772101090759,
        0.12444629619868769,
        0.2413306730230049,
        0.7277266095405311
      ],
      "std": [
        0.06782919934713755,
        0.13663100271682974,
        0.07642197079369259,
        2.550737198436971,
        0.7731884512253548,
        0.3069487846121677,
        0.44512985892565604
      ],
      "q01": [
        0.36545902490615845,
        -0.2874463200569153,
        0.0331890769302845,
        -3.1415927410125732,
        -1.1059426069259644,
        -0.6781174540519714,
        -9.999999960041972e-13
      ],
      "q99": [
        0.6782629489898682,
        0.20984239876270294,
        0.3331405520439148,
        3.140058755874634,
        1.1111797094345093,
        0.9028028845787048,
        0.999755859375
      ],
      "num_transitions": 1128847,
      "num_trajectories": 8612
    },
    "actions": {
      "mean": [
        0.00007038266782631692,
        -0.0011892328314310975,
        -0.0009779814758582208,
        0.00012227428622447561,
        0.00003834417767015364,
        -0.003184785014945006,
        0.7316908314412848
      ],
      "std": [
        0.0035373352585918,
        0.005470719805755275,
        0.006531097644491197,
        0.018195983022630383,
        0.006811913593374234,
        0.025257170835712318,
        0.4430794044254892
      ],
      "q01": [
        -0.012213997542858124,
        -0.025569280609488487,
        -0.015779826790094376,
        -0.07104796916246414,
        -0.020428529009222984,
        -0.08467119187116623,
        -9.999999960041972e-13
      ],
      "q99": [
        0.009212600067257881,
        0.009833918884396553,
        0.018523860722780228,
        0.06255711615085602,
        0.019475746899843216,
        0.08345989882946014,
        0.999755859375
      ],
      "num_transitions": 1128847,
      "num_trajectories": 8612
    }
  }
}