{
  "norm_stats": {
    "state": {
      "mean": [
        0.45389026403427124,
        0.05689403787255287,
        -0.03582414612174034,
        0.1900637000799179,
        0.003238973207771778,
        1.592800498008728,
        0.625888466835022
      ],
      "std": [
        0.07929613441228867,
        0.12502719461917877,
        0.08041315525770187,
        3.033172369003296,
        0.09103922545909882,
        0.17635199427604675,
        0.48389264941215515
      ],
      "q01": [
        0.3021101951599121,
        -0.21296297013759613,
        -0.18886776268482208,
        -3.140057325363159,
        -0.22532902657985687,
        1.1420775651931763,
        -9.999999960041972e-13
      ],
      "q99": [
        0.6138564944267273,
        0.3069649934768677,
        0.12105095386505127,
        3.1385228633880615,
        0.2261229306459427,
        2.1225664615631104,
        0.999755859375
      ],
      "num_transitions": 96939,
      "num_trajectories": 1000,
      "min": [
        0.1970997005701065,
        -0.27643972635269165,
        -0.20529526472091675,
        -3.1415913105010986,
        -0.5112336874008179,
        0.778239905834198,
        0.0
      ],
      "max": [
        0.6610942482948303,
        0.38513994216918945,
        0.2049914449453354,
        3.1415908336639404,
        0.4050929844379425,
        2.604562282562256,
        1.0
      ]
    },
    "actions": {
      "mean": [
        0.0008706430671736598,
        0.00046068901428952813,
        0.00024648162070661783,
        -0.00012654966849368066,
        -0.00006817149551352486,
        -0.0006778634851798415,
        0.6260122060775757
      ],
      "std": [
        0.005200858227908611,
        0.007232374045997858,
        0.006005347706377506,
        0.006383243948221207,
        0.0101813655346632,
        0.007074256893247366,
        0.48386043310165405
      ],
      "q01": [
        -0.012719664722681046,
        -0.012902225367724895,
        -0.012771781533956528,
        -0.02188556082546711,
        -0.03840004280209541,
        -0.02256312593817711,
        -9.999999960041972e-13
      ],
      "q99": [
        0.012743812054395676,
        0.013339903205633163,
        0.013690155930817127,
        0.01842596009373665,
        0.039399921894073486,
        0.024889595806598663,
        0.999755859375
      ],
      "num_transitions": 96939,
      "num_trajectories": 1000,
      "min": [
        -0.018219172954559326,
        -0.017666421830654144,
        -0.0175122432410717,
        -0.05103317275643349,
        -0.05036340653896332,
        -0.046752382069826126,
        0.0
      ],
      "max": [
        0.020352721214294434,
        0.017878472805023193,
        0.017160851508378983,
        0.044630784541368484,
        0.05367467924952507,
        0.05047940835356712,
        1.0
      ]
    }
  }
}