{
  "norm_stats": {
    "state": {
      "mean": [
        0.372667521238327,
        0.13310347497463226,
        0.3827188014984131,
        -0.06592141836881638,
        -0.17483237385749817,
        0.46053630113601685,
        0.5776814222335815
      ],
      "std": [
        0.11487479507923126,
        0.2694219946861267,
        0.11262782663106918,
        3.039717197418213,
        0.18620726466178894,
        0.6907872557640076,
        0.36565396189689636
      ],
      "q01": [
        0.13729846477508545,
        -0.42932072281837463,
        0.20519359409809113,
        -3.140054702758789,
        -0.6947526335716248,
        -1.2806825637817383,
        0.0016837328439578414
      ],
      "q99": [
        0.6701369285583496,
        0.5946087837219238,
        0.5964614748954773,
        3.138521194458008,
        0.1249285414814949,
        1.8054014444351196,
        0.9995123147964478
      ],
      "num_transitions": 234195,
      "num_trajectories": 3603,
      "min": [
        0.07693906873464584,
        -0.4944135844707489,
        0.20030911266803741,
        -3.1415886878967285,
        -0.8683895468711853,
        -1.789320707321167,
        0.0011960356496274471
      ],
      "max": [
        0.7124971151351929,
        0.6118948459625244,
        0.617118775844574,
        3.1415891647338867,
        0.30717557668685913,
        2.4624788761138916,
        1.0
      ]
    },
    "actions": {
      "mean": [
        -4.9901441343536135e-6,
        0.0002720854536164552,
        0.0001600719551788643,
        0.0003152564459014684,
        -0.00017965096049010754,
        0.000056933309679152444,
        0.5765025019645691
      ],
      "std": [
        0.00394876254722476,
        0.0064117214642465115,
        0.004612012766301632,
        0.007815751247107983,
        0.00846843607723713,
        0.023790210485458374,
        0.49411270022392273
      ],
      "q01": [
        -0.012823210097849369,
        -0.019264839589595795,
        -0.009968199767172337,
        -0.022230366244912148,
        -0.02576538920402527,
        -0.07120361924171448,
        -9.999999960041972e-13
      ],
      "q99": [
        0.011085961014032364,
        0.018688485026359558,
        0.015180514194071293,
        0.021789446473121643,
        0.02292316034436226,
        0.07614143192768097,
        0.999755859375
      ],
      "num_transitions": 234195,
      "num_trajectories": 3603,
      "min": [
        -0.02389615774154663,
        -0.031971096992492676,
        -0.01954510807991028,
        -0.07008487731218338,
        -0.055815353989601135,
        -0.13568942248821259,
        0.0
      ],
      "max": [
        0.01909416913986206,
        0.035795606672763824,
        0.03139907121658325,
        0.05972444638609886,
        0.055472761392593384,
        0.15714189410209656,
        1.0
      ]
    }
  }
}