{
  "norm_stats": {
    "state": {
      "mean": [
        0.5367357134819031,
        -0.08604259043931961,
        0.1113598570227623,
        -0.04041574150323868,
        -0.013173853047192097,
        0.04482100531458855,
        0.6495245099067688
      ],
      "std": [
        0.0800064206123352,
        0.13985112309455872,
        0.05638083815574646,
        3.1001932621002197,
        0.08136707544326782,
        0.6311513185501099,
        0.32004794478416443
      ],
      "q01": [
        0.3870302736759186,
        -0.3164772391319275,
        0.024450380355119705,
        -3.1415913105010986,
        -0.1753927618265152,
        -1.3561127185821533,
        0.006495002191513777
      ],
      "q99": [
        0.6868710517883301,
        0.2086082398891449,
        0.25516605377197266,
        3.1400582790374756,
        0.16169631481170654,
        1.591755986213684,
        0.9843536615371704
      ],
      "num_transitions": 352854,
      "num_trajectories": 240,
      "min": [
        0.3208981454372406,
        -0.3730051815509796,
        0.020952222868800163,
        -3.1415913105010986,
        -0.2685747444629669,
        -2.4386940002441406,
        0.0
      ],
      "max": [
        0.7488242387771606,
        0.2829112708568573,
        0.3541720509529114,
        3.141592264175415,
        0.21639780700206757,
        1.995558738708496,
        0.9853158593177795
      ]
    },
    "actions": {
      "mean": [
        0.00008003888069652021,
        -0.000033505511964904144,
        -0.000055446536862291396,
        -0.000024268232664326206,
        -8.48601666803006e-6,
        0.000060845799453090876,
        0.5257726907730103
      ],
      "std": [
        0.002045044442638755,
        0.0031551774591207504,
        0.003227545879781246,
        0.0029488885775208473,
        0.003464542794972658,
        0.013115668669342995,
        0.49933531880378723
      ],
      "q01": [
        -0.004904839675873518,
        -0.007999595254659653,
        -0.005672547034919262,
        -0.009969296865165234,
        -0.008310328237712383,
        -0.04464154690504074,
        -9.999999960041972e-13
      ],
      "q99": [
        0.005344451870769262,
        0.008505732752382755,
        0.008963258005678654,
        0.006784551311284304,
        0.010906215757131577,
        0.04192281514406204,
        0.999755859375
      ],
      "num_transitions": 352854,
      "num_trajectories": 240,
      "min": [
        -0.007859230041503906,
        -0.01096477173268795,
        -0.011904038488864899,
        -0.02038547210395336,
        -0.029559390619397163,
        -0.11414944380521774,
        0.0
      ],
      "max": [
        0.010338038206100464,
        0.014233075082302094,
        0.012084860354661942,
        0.020559493452310562,
        0.02450033649802208,
        0.11416197568178177,
        1.0
      ]
    }
  }
}