{
  "norm_stats": {
    "state": {
      "mean": [
        0.5510632395744324,
        0.047863490879535675,
        0.12811873853206635,
        0.8120937943458557,
        0.004957013297826052,
        -0.9032948017120361,
        0.5477108359336853
      ],
      "std": [
        0.045238230377435684,
        0.10231341421604156,
        0.05838786065578461,
        3.0316944122314453,
        0.010566698387265205,
        2.7490932941436768,
        0.49771848320961
      ],
      "q01": [
        0.47652870416641235,
        -0.1481834501028061,
        0.06672052294015884,
        -3.1415927410125732,
        -0.013139823451638222,
        -3.1415927410125732,
        -9.999999960041972e-13
      ],
      "q99": [
        0.651492178440094,
        0.24469970166683197,
        0.2800275385379791,
        3.140058755874634,
        0.04213107004761696,
        3.140058755874634,
        0.999755859375
      ],
      "num_transitions": 2245999,
      "num_trajectories": 209880,
      "min": [
        0.40573424100875854,
        -0.2028520256280899,
        0.018512273207306862,
        -3.1415927410125732,
        -0.25521233677864075,
        -3.1415927410125732,
        0.0
      ],
      "max": [
        0.7243871092796326,
        0.31309840083122253,
        0.613274335861206,
        3.1415927410125732,
        0.22240279614925385,
        3.1415927410125732,
        1.0
      ]
    },
    "actions": {
      "mean": [
        0.0005212166579440236,
        -0.000025880930479615927,
        0.007702961564064026,
        -0.00021381683473009616,
        -0.0013758387649431825,
        0.034136779606342316,
        0.45139023661613464
      ],
      "std": [
        0.018266744911670685,
        0.02441391721367836,
        0.05853088200092316,
        0.004781846422702074,
        0.007501845248043537,
        0.13443692028522491,
        0.4976314902305603
      ],
      "q01": [
        -0.05692969262599945,
        -0.07742477208375931,
        -0.13523456454277039,
        -0.014760029502213001,
        -0.023183319717645645,
        -0.29372072219848633,
        -9.999999960041972e-13
      ],
      "q99": [
        0.058541439473629,
        0.07514065504074097,
        0.17797505855560303,
        0.013513847254216671,
        0.019379204139113426,
        0.4950955808162689,
        0.999755859375
      ],
      "num_transitions": 2245999,
      "num_trajectories": 209880,
      "min": [
        -0.17627230286598206,
        -0.2492261826992035,
        -0.4697590172290802,
        -0.1191195547580719,
        -0.1376037746667862,
        -1.2417187690734863,
        0.0
      ],
      "max": [
        0.16845783591270447,
        0.24321509897708893,
        0.7428181171417236,
        0.12265454977750778,
        0.13824447989463806,
        1.9860451221466064,
        1.0
      ]
    }
  }
}