{
  "norm_stats": {
    "state": {
      "mean": [
        -0.5664800405502319,
        0.49272841215133667,
        0.10936970263719559,
        -1.9929330348968506,
        0.08891712129116058,
        -0.7870517373085022,
        0.29329103231430054
      ],
      "std": [
        0.17057420313358307,
        0.14643320441246033,
        0.3261840045452118,
        0.9139596223831177,
        0.37345677614212036,
        1.8060989379882812,
        0.4552706778049469
      ],
      "q01": [
        -0.8380353450775146,
        0.16577976942062378,
        -0.39352887868881226,
        -3.0737760066986084,
        -0.16515995562076569,
        -3.0870494842529297,
        -9.999999960041972e-13
      ],
      "q99": [
        -0.18727315962314606,
        0.750599205493927,
        0.7584930062294006,
        2.5766077041625977,
        1.5384479761123657,
        3.0970187187194824,
        0.999755859375
      ],
      "num_transitions": 8824,
      "num_trajectories": 104
    },
    "actions": {
      "mean": [
        0.0024437366519123316,
        0.0011343492660671473,
        -0.0020229918882250786,
        0.0019487489480525255,
        -0.007939613424241543,
        -0.049538880586624146,
        0.7067089676856995
      ],
      "std": [
        0.008732196874916553,
        0.00960119441151619,
        0.015020997263491154,
        0.1323825865983963,
        0.057123757898807526,
        0.42028501629829407,
        0.4552706778049469
      ],
      "q01": [
        -0.01524420827627182,
        -0.03112502582371235,
        -0.03843057155609131,
        -0.4165385365486145,
        -0.2620391249656677,
        -1.9379093647003174,
        -9.999999960041972e-13
      ],
      "q99": [
        0.0358283668756485,
        0.029250698164105415,
        0.04001212492585182,
        0.3545708656311035,
        0.11962723731994629,
        1.187541127204895,
        0.999755859375
      ],
      "num_transitions": 8824,
      "num_trajectories": 104
    }
  }
}