{
  "norm_stats": {
    "state": {
      "mean": [
        0.43315202159924304,
        -0.10096638940377321,
        0.22044036743547837,
        1.6439319418507532,
        0.03388506008711565,
        -0.3194849516001032,
        0.04620326456505995
      ],
      "std": [
        0.04393729614176274,
        0.2055846121234055,
        0.12613650132508525,
        2.271071614858384,
        0.19258570933433036,
        0.5274913702365689,
        0.03096241364288436
      ],
      "q01": [
        0.32164981961250305,
        -0.4734119474887848,
        0.014037493616342545,
        -3.140058755874634,
        -0.7226898670196533,
        -1.5474395751953125,
        0.0019246026640757918
      ],
      "q99": [
        0.5321165919303894,
        0.373312771320343,
        0.5784779191017151,
        3.1400585174560547,
        0.35555028915405273,
        0.35789382457733154,
        0.07563937455415726
      ],
      "num_transitions": 360383,
      "num_trajectories": 1500
    },
    "actions": {
      "mean": [
        -0.00017238207542676927,
        -0.00024105734893447995,
        -0.0001824530231294835,
        -0.0011189987525532731,
        0.0003848203404162637,
        -0.0019190475190305348,
        0.5018327723560767
      ],
      "std": [
        0.0015588991479914666,
        0.0040956508198707504,
        0.004382372207292261,
        0.007883359976489937,
        0.005490424759754343,
        0.010330900692653484,
        0.4999966409342075
      ],
      "q01": [
        -0.004357981961220503,
        -0.009226879104971886,
        -0.008703821338713169,
        -0.022763587534427643,
        -0.016474049538373947,
        -0.035068660974502563,
        -9.999999960041972e-13
      ],
      "q99": [
        0.004019194282591343,
        0.00964477751404047,
        0.011616749688982964,
        0.021287890151143074,
        0.014112629927694798,
        0.023412980139255524,
        0.999755859375
      ],
      "num_transitions": 360383,
      "num_trajectories": 1500
    }
  }
}