{
  "norm_stats": {
    "state": {
      "mean": [
        0.14618706703186035,
        0.0,
        0.7568122148513794,
        0.0,
        0.0,
        0.0,
        0.43415847420692444
      ],
      "std": [
        0.09959843009710312,
        0.0,
        0.15819740295410156,
        0.0,
        0.0,
        0.0,
        0.43574610352516174
      ],
      "q01": [
        0.017173347994685173,
        0.0,
        0.46026355028152466,
        0.0,
        0.0,
        0.0,
        0.013339163735508919
      ],
      "q99": [
        0.33089548349380493,
        0.0,
        1.0951576232910156,
        0.0,
        0.0,
        0.0,
        0.9936739206314087
      ],
      "num_transitions": 24881,
      "num_trajectories": 135,
      "min": [
        0.005320895928889513,
        0.0,
        0.45218077301979065,
        0.0,
        0.0,
        0.0,
        0.003898903029039502
      ],
      "max": [
        0.3401322066783905,
        0.0,
        1.1013386249542236,
        0.0,
        0.0,
        0.0,
        0.9953683018684387
      ]
    },
    "actions": {
      "mean": [
        0.0003650074650067836,
        0.0,
        0.0016556612681597471,
        0.0,
        0.0,
        0.0,
        0.43415847420692444
      ],
      "std": [
        0.004092941526323557,
        0.0,
        0.003782584797590971,
        0.0,
        0.0,
        0.0,
        0.43574610352516174
      ],
      "q01": [
        -0.0112361004576087,
        0.0,
        -0.0032684896141290665,
        -0.0,
        0.0,
        -0.0,
        0.013339163735508919
      ],
      "q99": [
        0.01450470183044672,
        0.0,
        0.015102725476026535,
        -0.0,
        0.0,
        -0.0,
        0.9936739206314087
      ],
      "num_transitions": 24881,
      "num_trajectories": 135,
      "min": [
        -0.019353792071342468,
        0.0,
        -0.02019214630126953,
        -0.0,
        0.0,
        -0.0,
        0.003898903029039502
      ],
      "max": [
        0.023384079337120056,
        0.0,
        0.02340489625930786,
        -0.0,
        0.0,
        -0.0,
        0.9953683018684387
      ]
    }
  }
}