{
  "norm_stats": {
    "state": {
      "mean": [
        0.07066643983125687,
        0.3398735821247101,
        -0.2172812819480896,
        0.10573452711105347,
        -1.0514391660690308,
        -0.09247367084026337,
        0.2742600739002228
      ],
      "std": [
        0.25415125489234924,
        0.24232317507266998,
        0.25195953249931335,
        0.3093470633029938,
        0.34189334511756897,
        0.5655099749565125,
        0.446132093667984
      ],
      "q01": [
        -0.46404221683740615,
        -0.09350034222006796,
        -0.7800178951025009,
        -0.23236545890569685,
        -1.8338542056083678,
        -2.3017713618278504,
        0.0
      ],
      "q99": [
        0.6751427263021469,
        0.988866880536079,
        0.4464904478192329,
        1.1108553493022917,
        -0.3174280318617826,
        1.3279697799682617,
        1.0
      ],
      "num_transitions": 8244,
      "num_trajectories": 52
    },
    "actions": {
      "mean": [
        0.000705972604919225,
        -0.00038209574995562434,
        -0.0014944428112357855,
        -0.0006901706801727414,
        -0.00028792445664294064,
        0.0001524305116618052,
        0.7257399559020996
      ],
      "std": [
        0.0033640640322118998,
        0.004919423721730709,
        0.005284260027110577,
        0.005514936521649361,
        0.004540081601589918,
        0.009336759336292744,
        0.446132093667984
      ],
      "q01": [
        -0.009999999776482582,
        -0.009999999776482582,
        -0.009999999776482582,
        -0.03490658476948738,
        -0.03490658476948738,
        -0.03490658476948738,
        0.0
      ],
      "q99": [
        0.009999999776482582,
        0.009999999776482582,
        0.009999999776482582,
        0.0,
        0.0,
        0.03490658476948738,
        1.0
      ],
      "num_transitions": 8244,
      "num_trajectories": 52
    }
  }
}