{
  "norm_stats": {
    "state": {
      "mean": [
        0.5578765808838566,
        -0.08332558257488197,
        0.7702352862784252,
        -1.5015492262265757,
        0.6230008291251822,
        -1.6197609161603026,
        0.4281531270425097
      ],
      "std": [
        0.12439424516256593,
        0.11553966229120678,
        0.24577199922661105,
        2.378664772584698,
        0.41627322658402494,
        0.8032605782564514,
        0.4532784117065923
      ],
      "q01": [
        0.3266933262348175,
        -0.28187277913093567,
        0.14126256108283997,
        -3.1323869228363037,
        -0.23292075097560883,
        -2.9636447429656982,
        -9.999999960041972e-13
      ],
      "q99": [
        0.8744305372238159,
        0.21222350001335144,
        1.070967435836792,
        3.1293208599090576,
        1.4903074502944946,
        2.8347933292388916,
        0.999755859375
      ],
      "num_transitions": 3691843,
      "num_trajectories": 87212
    },
    "actions": {
      "mean": [
        0.0033321859100082264,
        0.003409224678737693,
        -0.004294977552539477,
        -0.009070346944601924,
        -0.0034061583748618237,
        0.002998953907895731,
        0.5316282409625761
      ],
      "std": [
        0.01728401649030298,
        0.015547543669044745,
        0.022493257066292224,
        0.04653436357938407,
        0.03880483702804922,
        0.16816956636117153,
        0.4989986516751455
      ],
      "q01": [
        -0.047042910009622574,
        -0.04338110238313675,
        -0.07307182997465134,
        -0.16643324494361877,
        -0.11966869980096817,
        -0.4128032922744751,
        -9.999999960041972e-13
      ],
      "q99": [
        0.053844474256038666,
        0.05015091598033905,
        0.06591872870922089,
        0.1164906844496727,
        0.11006908863782883,
        0.47057557106018066,
        0.999755859375
      ],
      "num_transitions": 3691843,
      "num_trajectories": 87212
    }
  }
}