{
  "norm_stats": {
    "state": {
      "mean": [
        -0.5664818286895752,
        0.4927273392677307,
        0.10936985909938812,
        -0.2954253852367401,
        0.09447432309389114,
        1.5592718124389648,
        0.7067089676856995
      ],
      "std": [
        0.1705676168203354,
        0.14644110202789307,
        0.32618457078933716,
        2.2956583499908447,
        0.715851366519928,
        1.451783299446106,
        0.4552706778049469
      ],
      "q01": [
        -0.8380353450775146,
        0.16577976942062378,
        -0.39352887868881226,
        -3.1152749061584473,
        -1.4063341617584229,
        -3.0900514125823975,
        -9.999999960041972e-13
      ],
      "q99": [
        -0.18727315962314606,
        0.750599205493927,
        0.7584930062294006,
        3.0456807613372803,
        1.325454831123352,
        3.1221022605895996,
        0.999755859375
      ],
      "num_transitions": 8824,
      "num_trajectories": 104,
      "min": [
        -0.9590276479721069,
        -0.040099501609802246,
        -0.40131720900535583,
        -3.141348123550415,
        -1.55880606174469,
        -3.1406564712524414,
        0.0
      ],
      "max": [
        0.044179707765579224,
        0.7948326468467712,
        0.9278888702392578,
        3.1407713890075684,
        1.5025913715362549,
        3.1405041217803955,
        1.0
      ]
    },
    "actions": {
      "mean": [
        0.002443737117573619,
        0.0011343486839905381,
        -0.002022994216531515,
        -0.010798259638249874,
        0.0009509827359579504,
        -0.006067684851586819,
        0.7067089676856995
      ],
      "std": [
        0.008732212707400322,
        0.00960121862590313,
        0.015021029859781265,
        0.14198435842990875,
        0.02095801942050457,
        0.03224191814661026,
        0.4552706778049469
      ],
      "q01": [
        -0.01524420827627182,
        -0.03112502582371235,
        -0.03843057155609131,
        -0.4898589849472046,
        -0.07327654957771301,
        -0.1578558385372162,
        -9.999999960041972e-13
      ],
      "q99": [
        0.0358283668756485,
        0.029250698164105415,
        0.04001212492585182,
        0.37094566226005554,
        0.07665260881185532,
        0.03666875511407852,
        0.999755859375
      ],
      "num_transitions": 8824,
      "num_trajectories": 104,
      "min": [
        -0.03294336795806885,
        -0.043397367000579834,
        -0.1363002359867096,
        -2.3084776401519775,
        -0.11452652513980865,
        -0.18160121142864227,
        0.0
      ],
      "max": [
        0.04385298490524292,
        0.04253000020980835,
        0.05181527137756348,
        2.721273899078369,
        0.17528462409973145,
        0.07434891164302826,
        1.0
      ]
    }
  }
}