{
  "norm_stats": {
    "state": {
      "mean": [
        0.21500667929649353,
        0.04415176808834076,
        -0.016831878572702408,
        null,
        null,
        null,
        0.0,
        0.05818282812833786
      ],
      "std": [
        0.11849061399698257,
        0.12992320954799652,
        0.09122607111930847,
        null,
        null,
        null,
        0.0,
        0.01669466495513916
      ],
      "q01": [
        -0.0941859432309866,
        -0.25699791371822356,
        -0.20443519309163094,
        null,
        null,
        null,
        0.0,
        0.03373524442315102
      ],
      "q99": [
        0.4731809961795806,
        0.3199836963415142,
        0.26338777303695676,
        null,
        null,
        null,
        0.0,
        0.07858986407518387
      ],
      "num_transitions": 35848,
      "num_trajectories": 70
    },
    "actions": {
      "mean": [
        0.08272769302129745,
        0.024305123835802078,
        0.043857891112565994,
        0.0,
        0.0,
        -0.011878014542162418,
        0.40451711416244507
      ],
      "std": [
        0.3840707540512085,
        0.2807946503162384,
        0.2764427065849304,
        0.0,
        0.0,
        0.07205215841531754,
        0.49074140191078186
      ],
      "q01": [
        -0.753714182972908,
        -0.5499792951345444,
        -0.5285714268684387,
        0.0,
        0.0,
        -0.260139619410038,
        0.0
      ],
      "q99": [
        0.9542101383209227,
        0.6942856907844543,
        0.7966057020425784,
        0.0,
        0.0,
        0.17498224586248393,
        1.0
      ],
      "num_transitions": 35848,
      "num_trajectories": 70
    }
  }
}