{
  "norm_stats": {
    "state": {
      "mean": [
        0.01609830930829048,
        0.24484188854694366,
        -0.06079268082976341,
        -2.0875632762908936,
        0.24434566497802734,
        2.3132917881011963,
        1.2347880601882935,
        0.05593683570623398
      ],
      "std": [
        0.10728533565998077,
        0.22341585159301758,
        0.1434374898672104,
        0.2748616933822632,
        0.296299010515213,
        0.35243192315101624,
        0.7540947794914246,
        0.027520885691046715
      ],
      "q01": [
        -0.3014837265014648,
        -0.18750157952308655,
        -0.3865055441856384,
        -2.63057963848114,
        -0.1948624573647976,
        1.6912211656570435,
        0.18696347922086715,
        0.0007551666931249201
      ],
      "q99": [
        0.19414362981915467,
        0.7777803242206571,
        0.18882407322525943,
        -1.637853980064392,
        0.9769079089164734,
        3.007348346710205,
        2.803412115573883,
        0.07747849375009537
      ],
      "num_transitions": 9746,
      "num_trajectories": 19
    },
    "actions": {
      "mean": [
        0.04009533300995827,
        -0.03270559012889862,
        0.04934483394026756,
        -0.0005748473340645432,
        0.0021411022171378136,
        -0.018422823399305344,
        0.7465627193450928
      ],
      "std": [
        0.38731807470321655,
        0.41291454434394836,
        0.39497870206832886,
        0.09771408140659332,
        0.07919199764728546,
        0.10280962288379669,
        0.43497151136398315
      ],
      "q01": [
        -0.954285740852356,
        -1.0,
        -1.0,
        -0.24321427941322327,
        -0.20892857015132904,
        -0.3214285671710968,
        0.0
      ],
      "q99": [
        0.9558571398258189,
        0.8571428656578064,
        1.0,
        0.27964285016059875,
        0.20571428537368774,
        0.33642858266830444,
        1.0
      ],
      "num_transitions": 9746,
      "num_trajectories": 19
    }
  }
}