{
  "norm_stats": {
    "state": {
      "mean": [
        0.3094319701194763,
        0.030576350167393684,
        0.0645391196012497,
        0.006824202835559845,
        -0.07762840390205383,
        0.10757867991924286,
        0.7077352404594421
      ],
      "std": [
        0.060566164553165436,
        0.09194913506507874,
        0.051635921001434326,
        0.1319940835237503,
        0.17042945325374603,
        0.5776172876358032,
        0.3530064821243286
      ],
      "q01": [
        0.17110344767570496,
        -0.17012879252433777,
        -0.055527932941913605,
        -0.36705198884010315,
        -0.5443605184555054,
        -1.3544849157333374,
        0.05196591839194298
      ],
      "q99": [
        0.45317286252975464,
        0.23513324558734894,
        0.1951073557138443,
        0.37972110509872437,
        0.27861684560775757,
        1.8407350778579712,
        0.9997671842575073
      ],
      "num_transitions": 2135463,
      "num_trajectories": 60064,
      "min": [
        -0.04167502000927925,
        -0.3945816159248352,
        -0.15537554025650024,
        -3.141592502593994,
        -1.4992541074752808,
        -3.14153790473938,
        0.04637829214334488
      ],
      "max": [
        0.5862360596656799,
        0.4034728705883026,
        0.36494991183280945,
        1.514088749885559,
        1.570796251296997,
        3.1415255069732666,
        1.0
      ]
    },
    "actions": {
      "mean": [
        0.0002334166201762855,
        0.00013004460197407752,
        -0.00012762070400640368,
        -0.000057327917602378875,
        -0.0002592360251583159,
        0.0002422750403638929,
        0.5764577984809875
      ],
      "std": [
        0.009779239073395729,
        0.013710571452975273,
        0.012681880034506321,
        0.028108928352594376,
        0.030134566128253937,
        0.06473877280950546,
        0.4941123425960541
      ],
      "q01": [
        -0.028850246220827103,
        -0.04172731563448906,
        -0.026127859950065613,
        -0.0801376923918724,
        -0.09113797545433044,
        -0.20996975898742676,
        -9.999999960041972e-13
      ],
      "q99": [
        0.028242411091923714,
        0.04083707183599472,
        0.040128789842128754,
        0.08017044514417648,
        0.078447125852108,
        0.20614245533943176,
        0.999755859375
      ],
      "num_transitions": 2135463,
      "num_trajectories": 60064,
      "min": [
        -0.4007510244846344,
        -0.13874775171279907,
        -0.22553899884223938,
        -0.4194141626358032,
        -0.3686026930809021,
        -1.3114030361175537,
        0.0
      ],
      "max": [
        0.41691166162490845,
        0.25864794850349426,
        0.21218234300613403,
        3.054776906967163,
        1.3507550954818726,
        1.4872760772705078,
        1.0
      ]
    }
  }
}