{
  "norm_stats": {
    "state": {
      "mean": [
        0.45388256403511484,
        0.05689438376678891,
        -0.03582441493087792,
        0.19006457588664005,
        0.003238968746917359,
        1.5928481764305389,
        0.37411155468903123
      ],
      "std": [
        0.07936044317989074,
        0.12502513099753287,
        0.08041309183795005,
        3.033157422480773,
        0.09103892237352519,
        0.1758468781652721,
        0.4838926527001492
      ],
      "q01": [
        0.3021101951599121,
        -0.21296297013759613,
        -0.18886776268482208,
        -3.140057325363159,
        -0.22532913088798523,
        1.1420780420303345,
        -9.999999960041972e-13
      ],
      "q99": [
        0.6138564944267273,
        0.3069649934768677,
        0.12105095386505127,
        3.1385228633880615,
        0.22612304985523224,
        2.1225669384002686,
        0.999755859375
      ],
      "num_transitions": 96939,
      "num_trajectories": 1000
    },
    "actions": {
      "mean": [
        0.0008706456727841575,
        0.0004606877261258127,
        0.00024648070265293284,
        -0.00011142432861214793,
        -0.0000712291682230981,
        -0.0006751933489534575,
        0.6260122344979833
      ],
      "std": [
        0.005200766637227246,
        0.00723227607405725,
        0.0060052254450284745,
        0.006376542397971356,
        0.010185231446365376,
        0.007068086833915171,
        0.48386043107163174
      ],
      "q01": [
        -0.012719664722681046,
        -0.012902225367724895,
        -0.012771781533956528,
        -0.02177114598453045,
        -0.03842369467020035,
        -0.022535016760230064,
        -9.999999960041972e-13
      ],
      "q99": [
        0.012743812054395676,
        0.013339903205633163,
        0.013690155930817127,
        0.018541142344474792,
        0.0394437350332737,
        0.024920906871557236,
        0.999755859375
      ],
      "num_transitions": 96939,
      "num_trajectories": 1000
    }
  }
}