{
  "norm_stats": {
    "state": {
      "mean": [
        0.5367433750928146,
        -0.08604202712028204,
        0.1113603289179094,
        -0.18582528556428438,
        0.010880430345527116,
        -0.04470423009587535,
        0.05128349938111797
      ],
      "std": [
        0.07994565568355794,
        0.13983168127141396,
        0.05637003239121767,
        3.0866335808135688,
        0.07425221833485368,
        0.631756385448477,
        0.025377618332454544
      ],
      "q01": [
        0.3870302736759186,
        -0.3164772391319275,
        0.024450380355119705,
        -3.1400582790374756,
        -0.15798379480838776,
        -1.5923010110855103,
        0.0005011417088098824
      ],
      "q99": [
        0.6868710517883301,
        0.2086082398891449,
        0.25516605377197266,
        3.1400582790374756,
        0.1626068353652954,
        1.355461835861206,
        0.07776385545730591
      ],
      "num_transitions": 352854,
      "num_trajectories": 240
    },
    "actions": {
      "mean": [
        0.00008003958204279647,
        -0.00003350534358923503,
        -0.000055446950274444024,
        -2.2525416793688754e-6,
        0.00003408401476630589,
        -0.00006253975806802519,
        0.5257726991900332
      ],
      "std": [
        0.002044860925294802,
        0.0031547786616146394,
        0.0032272976473029145,
        0.003318359287709477,
        0.0032542619511677588,
        0.013196854736678918,
        0.49933532618517995
      ],
      "q01": [
        -0.004904839675873518,
        -0.007999595254659653,
        -0.005672547034919262,
        -0.010166226886212826,
        -0.009598258882761002,
        -0.042224857956171036,
        -9.999999960041972e-13
      ],
      "q99": [
        0.005344451870769262,
        0.008505732752382755,
        0.008963258005678654,
        0.008607350289821625,
        0.008597399108111858,
        0.04491572454571724,
        0.999755859375
      ],
      "num_transitions": 352854,
      "num_trajectories": 240
    }
  }
}