{
  "norm_stats": {
    "state": {
      "mean": [
        0.5626446604728699,
        0.04987387731671333,
        0.08114835619926453,
        -1.5815074443817139,
        0.028491564095020294,
        -0.03387537971138954,
        0.5776239037513733
      ],
      "std": [
        0.07704348862171173,
        0.07907990366220474,
        0.040791455656290054,
        2.625227689743042,
        0.3033261001110077,
        0.926845908164978,
        0.27028796076774597
      ],
      "q01": [
        0.36912626028060913,
        -0.18108341097831726,
        0.0057547567412257195,
        -3.140058755874634,
        -0.6126251220703125,
        -1.9957056045532227,
        0.044677734375
      ],
      "q99": [
        0.6652540564537048,
        0.17714375257492065,
        0.18310435116291046,
        3.1385247707366943,
        0.9990314245223999,
        1.777866244316101,
        0.999755859375
      ],
      "num_transitions": 3942957,
      "num_trajectories": 5100,
      "min": [
        0.2878606617450714,
        -0.3141690492630005,
        -0.00460465531796217,
        -3.1415927410125732,
        -1.1365281343460083,
        -3.14158296585083,
        0.0
      ],
      "max": [
        0.75081467628479,
        0.29695066809654236,
        0.35806331038475037,
        3.1415927410125732,
        1.545855164527893,
        3.1415677070617676,
        1.0
      ]
    },
    "actions": {
      "mean": [
        0.00005780799619969912,
        0.00002271886660309974,
        -6.94259324518498e-6,
        -0.00015847288887016475,
        0.00007736079714959487,
        -0.0023854540195316076,
        0.4878878891468048
      ],
      "std": [
        0.004108191002160311,
        0.004066342022269964,
        0.003755735931918025,
        0.012832594104111195,
        0.02242918685078621,
        0.06866086274385452,
        0.4998532831668854
      ],
      "q01": [
        -0.013644866645336151,
        -0.014401163905858994,
        -0.009722410701215267,
        -0.041076451539993286,
        -0.08398588746786118,
        -0.1850976198911667,
        -9.999999960041972e-13
      ],
      "q99": [
        0.01492705661803484,
        0.013708537444472313,
        0.015786070376634598,
        0.04022882133722305,
        0.08250245451927185,
        0.1909390538930893,
        0.999755859375
      ],
      "num_transitions": 3942957,
      "num_trajectories": 5100,
      "min": [
        -0.052400559186935425,
        -0.04846109449863434,
        -0.05881771445274353,
        -0.2211868017911911,
        -0.3786354064941406,
        -2.5798113346099854,
        0.0
      ],
      "max": [
        0.0651000440120697,
        0.0565912202000618,
        0.06813579797744751,
        0.18150533735752106,
        0.2418707311153412,
        1.0105061531066895,
        1.0
      ]
    }
  }
}