{
  "norm_stats": {
    "state": {
      "mean": [
        -0.09287302295525879,
        0.16610690999788022,
        0.13819299937688473,
        -2.2354619258621042,
        -0.013352768991179372,
        2.4326272642419022,
        0.8266386905860873,
        0.5587899426289481
      ],
      "std": [
        0.15373828764992273,
        0.3138505879603957,
        0.12513840925656805,
        0.2810194584396711,
        0.062060804706667846,
        0.173906901834361,
        0.19358767348320868,
        0.496531713635378
      ],
      "q01": [
        -0.4450899362564087,
        -0.687892735004425,
        -0.0004942137748003006,
        -2.904914617538452,
        -0.3338584899902344,
        1.9703404903411865,
        0.45760419964790344,
        -9.999999960041972e-13
      ],
      "q99": [
        0.19927823543548584,
        0.6765305995941162,
        0.5453563928604126,
        -1.7511104345321655,
        0.07314582914113998,
        2.7576472759246826,
        1.2566428184509277,
        0.999755859375
      ],
      "num_transitions": 146241,
      "num_trajectories": 631
    },
    "actions": {
      "mean": [
        0.5274269549066267,
        0.02858204067899905,
        0.18712398861297447,
        1.233971449525099,
        0.03226610152505111,
        -1.4199744556929998,
        0.5550632175655253
      ],
      "std": [
        0.08106332731391518,
        0.11167604913859609,
        0.07747492983260218,
        2.8737289501749372,
        0.027747121928805796,
        2.7682962180999042,
        0.4969587931321184
      ],
      "q01": [
        0.3148213028907776,
        -0.2032841295003891,
        0.0678321123123169,
        -3.1415927410125732,
        -0.02977399155497551,
        -3.141592502593994,
        -9.999999960041972e-13
      ],
      "q99": [
        0.6472300291061401,
        0.20844608545303345,
        0.36853182315826416,
        3.140058755874634,
        0.11421524733304977,
        3.1400585174560547,
        0.999755859375
      ],
      "num_transitions": 146241,
      "num_trajectories": 631
    }
  }
}