{
  "norm_stats": {
    "state": {
      "mean": [
        0.5577212572097778,
        -0.08352132141590118,
        0.7702228426933289,
        -1.4990015029907227,
        0.6215812563896179,
        -1.6193197965621948,
        0.57042396068573
      ],
      "std": [
        0.12438797950744629,
        0.1156344786286354,
        0.2457791566848755,
        2.3799288272857666,
        0.4163077175617218,
        0.8066969513893127,
        0.45361626148223877
      ],
      "q01": [
        0.3246605396270752,
        -0.28187277913093567,
        0.14084842801094055,
        -3.130854368209839,
        -0.23522043228149414,
        -2.9651787281036377,
        -9.999999960041972e-13
      ],
      "q99": [
        0.8751203417778015,
        0.21258415281772614,
        1.0713815689086914,
        3.1293208599090576,
        1.4903074502944946,
        2.836327314376831,
        0.999755859375
      ],
      "num_transitions": 3699188,
      "num_trajectories": 87212,
      "min": [
        -0.4436439275741577,
        -0.9970501065254211,
        -0.006579156965017319,
        -3.141592264175415,
        -1.5690358877182007,
        -3.1415863037109375,
        0.0
      ],
      "max": [
        1.0534898042678833,
        0.48018959164619446,
        1.6896663904190063,
        3.1415927410125732,
        1.5707963705062866,
        3.1415889263153076,
        1.0
      ]
    },
    "actions": {
      "mean": [
        0.003310157684609294,
        0.0033948333002626896,
        -0.0043122423812747,
        -0.011209129355847836,
        -0.003845288883894682,
        0.002759417984634638,
        0.530491292476654
      ],
      "std": [
        0.01730620488524437,
        0.015519601292908192,
        0.022458719089627266,
        0.04665147885680199,
        0.03799724206328392,
        0.16778022050857544,
        0.4990694224834442
      ],
      "q01": [
        -0.04723813384771347,
        -0.04329134151339531,
        -0.07287126779556274,
        -0.17113563418388367,
        -0.11762113124132156,
        -0.4128984212875366,
        -9.999999960041972e-13
      ],
      "q99": [
        0.05381297692656517,
        0.05015091598033905,
        0.0657181665301323,
        0.10985846072435379,
        0.10685280710458755,
        0.4704255759716034,
        0.999755859375
      ],
      "num_transitions": 3699188,
      "num_trajectories": 87212,
      "min": [
        -0.1968877762556076,
        -0.19328366219997406,
        -0.20815140008926392,
        -0.5224448442459106,
        -0.4837956726551056,
        -3.1410813331604004,
        0.0
      ],
      "max": [
        0.18814045190811157,
        0.1743815392255783,
        0.2026028037071228,
        0.5685047507286072,
        0.4553720951080322,
        3.140333652496338,
        1.0
      ]
    }
  }
}