{
  "norm_stats": {
    "state": {
      "mean": [
        0.3093873712106492,
        0.030028844088507343,
        0.06441870088095311,
        0.006838364097239618,
        -0.07717516756369527,
        0.1057351132854658,
        0.7072586743329642
      ],
      "std": [
        0.06078405088265564,
        0.09198954833674651,
        0.05183693104099145,
        0.13183408846226233,
        0.1704880032960895,
        0.574457912053197,
        0.35405308195011587
      ],
      "q01": [
        0.17018364369869232,
        -0.1699339598417282,
        -0.05608641356229782,
        -0.36477869749069214,
        -0.5488576292991638,
        -1.3621547222137451,
        0.05212044343352318
      ],
      "q99": [
        0.45363277196884155,
        0.23337972164154053,
        0.1960129290819168,
        0.37972110509872437,
        0.2793663740158081,
        1.8161917924880981,
        1.0105377435684204
      ],
      "num_transitions": 2135755,
      "num_trajectories": 60064
    },
    "actions": {
      "mean": [
        0.00022567965893135567,
        0.00012123309758653848,
        -0.00012101189120895625,
        -0.00004662164818197341,
        -0.00016677384804623396,
        0.0003097529714407932,
        0.5759165377114884
      ],
      "std": [
        0.00980800246534295,
        0.013725566119477431,
        0.012689883529160175,
        0.028249584942456708,
        0.030083059633435914,
        0.06471311322218337,
        0.4941979233320646
      ],
      "q01": [
        -0.028850246220827103,
        -0.04176923260092735,
        -0.02623472549021244,
        -0.08072170615196228,
        -0.09071779996156693,
        -0.20884551107883453,
        -9.999999960041972e-13
      ],
      "q99": [
        0.028242411091923714,
        0.04091178625822067,
        0.040128789842128754,
        0.07985524088144302,
        0.07887234538793564,
        0.2063707411289215,
        0.999755859375
      ],
      "num_transitions": 2135755,
      "num_trajectories": 60064
    }
  }
}