{
  "norm_stats": {
    "state": {
      "mean": [
        0.5449555516242981,
        0.003360243048518896,
        0.24374555051326752,
        0.19791477918624878,
        -0.03295977786183357,
        0.017831386998295784,
        0.699295699596405
      ],
      "std": [
        0.07666099816560745,
        0.1449977457523346,
        0.13889771699905396,
        2.9818527698516846,
        0.2134585678577423,
        0.4825040102005005,
        0.45856431126594543
      ],
      "q01": [
        0.37175893783569336,
        -0.407351016998291,
        0.0183358546346426,
        -3.140056610107422,
        -1.0166997909545898,
        -1.6991193294525146,
        -9.999999960041972e-13
      ],
      "q99": [
        0.7200005650520325,
        0.31265532970428467,
        0.5413241982460022,
        3.140054941177368,
        0.4330599308013916,
        1.5079753398895264,
        0.999755859375
      ],
      "num_transitions": 62613,
      "num_trajectories": 415,
      "min": [
        0.263683944940567,
        -0.5785022377967834,
        -0.0025757886469364166,
        -3.1415905952453613,
        -1.5707963705062866,
        -2.4185171127319336,
        0.0
      ],
      "max": [
        0.8101964592933655,
        0.5117550492286682,
        0.8054816722869873,
        3.1415889263153076,
        1.0200481414794922,
        1.9211788177490234,
        1.0
      ]
    },
    "actions": {
      "mean": [
        0.0007744397735223174,
        -0.000312395190121606,
        -0.0015001676511019468,
        -0.0007515064789913595,
        -0.00015832926146686077,
        0.00014327683311421424,
        0.699295699596405
      ],
      "std": [
        0.003407369600608945,
        0.004991311114281416,
        0.0053437999449670315,
        0.007601138669997454,
        0.004083123058080673,
        0.008569843135774136,
        0.45856431126594543
      ],
      "q01": [
        -0.009999999776482582,
        -0.009999999776482582,
        -0.009999999776482582,
        -0.03490658476948738,
        0.0,
        -0.03490658476948738,
        -9.999999960041972e-13
      ],
      "q99": [
        0.009995116852223873,
        0.009995116852223873,
        0.009995116852223873,
        0.03488954156637192,
        0.0,
        0.03488954156637192,
        0.999755859375
      ],
      "num_transitions": 62613,
      "num_trajectories": 415,
      "min": [
        -0.009999999776482582,
        -0.009999999776482582,
        -0.009999999776482582,
        -0.03490658476948738,
        -0.03490658476948738,
        -0.03490658476948738,
        0.0
      ],
      "max": [
        0.009999999776482582,
        0.009999999776482582,
        0.009999999776482582,
        0.03490658476948738,
        0.03490658476948738,
        0.03490658476948738,
        1.0
      ]
    }
  }
}