{
  "norm_stats": {
    "state": {
      "mean": [],
      "std": [],
      "q01": [],
      "q99": [],
      "num_transitions": 187507,
      "num_trajectories": 1995,
      "min": [],
      "max": []
    },
    "actions": {
      "mean": [
        0.0014448838774114847,
        -0.0015945190098136663,
        -0.0011753776343539357,
        0.002301235683262348,
        -0.0009382445132359862,
        -0.0001148580849985592,
        0.5746025443077087
      ],
      "std": [
        0.04935566708445549,
        0.06354862451553345,
        0.061167869716882706,
        0.09554024040699005,
        0.08421406149864197,
        0.06518278270959854,
        0.4944031238555908
      ],
      "q01": [
        -0.1342826634645462,
        -0.20015840232372284,
        -0.14840561151504517,
        -0.20721948146820068,
        -0.0971655622124672,
        -0.18087035417556763,
        -9.999999960041972e-13
      ],
      "q99": [
        0.14941880106925964,
        0.1805761754512787,
        0.18842129409313202,
        0.2158174216747284,
        0.09406847506761551,
        0.18516786396503448,
        0.999755859375
      ],
      "num_transitions": 187507,
      "num_trajectories": 1995,
      "min": [
        -0.6546999216079712,
        -0.6365841031074524,
        -0.4217723608016968,
        -1.6695482730865479,
        -1.8023357391357422,
        -1.4630827903747559,
        0.0
      ],
      "max": [
        0.39124172925949097,
        0.4601028263568878,
        0.4870833456516266,
        1.816888689994812,
        1.8240282535552979,
        1.4824820756912231,
        1.0
      ]
    }
  }
}