{
  "norm_stats": {
    "state": {
      "mean": [
        0.43055787682533264,
        -0.07597168534994125,
        0.274734228849411,
        0.016812503337860107,
        0.0049092634581029415,
        0.9913667440414429,
        0.5471391677856445
      ],
      "std": [
        0.09080652892589569,
        0.1398889273405075,
        0.05218502879142761,
        0.015492950566112995,
        0.008434365503489971,
        0.002509539248421788,
        0.07816144078969955
      ],
      "q01": [
        0.2705710232257843,
        -0.37851402163505554,
        0.16816803812980652,
        -0.061036091297864914,
        -0.049686629325151443,
        0.9793044924736023,
        0.3427489101886749
      ],
      "q99": [
        0.6291248202323914,
        0.21101036667823792,
        0.38666123151779175,
        0.06675003468990326,
        0.018678970634937286,
        0.9966063499450684,
        0.790036678314209
      ],
      "num_transitions": 76880,
      "num_trajectories": 1085,
      "min": [
        0.19358234107494354,
        -0.4429473876953125,
        0.15586286783218384,
        -0.07301091402769089,
        -0.07061216980218887,
        0.9710733890533447,
        0.20516666769981384
      ],
      "max": [
        0.6635459661483765,
        0.2252020239830017,
        0.4066188633441925,
        0.09496469050645828,
        0.037882789969444275,
        0.9981533885002136,
        1.0
      ]
    },
    "actions": {
      "mean": [
        0.0001602996198926121,
        0.000028703061616397463,
        -0.00016528564447071403,
        -9.243876775144599e-7,
        1.4956141285438207e-6,
        4.338020062277792e-6,
        0.34751561284065247
      ],
      "std": [
        0.003267273074015975,
        0.004804891534149647,
        0.0034986978862434626,
        0.0004088263667654246,
        0.0004835739091504365,
        0.00008928697934607044,
        0.47618117928504944
      ],
      "q01": [
        -0.007108107674866915,
        -0.007433961611241102,
        -0.007618206087499857,
        -0.0012093079276382923,
        -0.0014653881080448627,
        -0.00026513944612815976,
        -9.999999960041972e-13
      ],
      "q99": [
        0.007175024598836899,
        0.007126688025891781,
        0.007913817651569843,
        0.0011716377921402454,
        0.0013795652193948627,
        0.00025605931296013296,
        0.999755859375
      ],
      "num_transitions": 76880,
      "num_trajectories": 1085,
      "min": [
        -0.21320968866348267,
        -0.5301110744476318,
        -0.050445735454559326,
        -0.004409962333738804,
        -0.013462117873132229,
        -0.0010190331377089024,
        0.0
      ],
      "max": [
        0.021744966506958008,
        0.4981720447540283,
        0.09381541609764099,
        0.005293872207403183,
        0.007421267218887806,
        0.002855431754142046,
        1.0
      ]
    }
  }
}