{
  "norm_stats": {
    "state": {
      "mean": [
        0.25930102965269325,
        -0.00629781787131192,
        -0.018406666422292883,
        -0.12678843604890444,
        0.0318175321813285,
        -0.052609192532098704,
        0.6333332378604798
      ],
      "std": [
        0.5539488473336438,
        0.7854605489653379,
        2.2336281142938166,
        0.5996866949644415,
        0.16142314320323695,
        0.9157578020708583,
        0.39627316118119255
      ],
      "q01": [
        -0.3352524936199188,
        -0.6552271246910095,
        -0.4494715631008148,
        -1.6011219024658203,
        -0.48110219836235046,
        -2.9666833877563477,
        1.419646878275671e-6
      ],
      "q99": [
        1.1986628770828247,
        0.6032790541648865,
        0.36820629239082336,
        1.5108909606933594,
        0.47688037157058716,
        2.92222261428833,
        0.998185932636261
      ],
      "num_transitions": 1134703,
      "num_trajectories": 5208
    },
    "actions": {
      "mean": [
        0.001130293552895835,
        0.00011220373689865735,
        -0.0001022193353025252,
        -0.0005311066556003531,
        -0.00019735283958080606,
        -0.0009892263873578042,
        0.6318998782060151
      ],
      "std": [
        0.04438685259165963,
        0.042744553453886426,
        0.12251998500083325,
        0.011141113598800649,
        0.005776147875510324,
        0.04109609211684972,
        0.3966584912149148
      ],
      "q01": [
        -0.02186308242380619,
        -0.019320910796523094,
        -0.021504947915673256,
        -0.03777255490422249,
        -0.018231036141514778,
        -0.10670687258243561,
        1.419646878275671e-6
      ],
      "q99": [
        0.016748875379562378,
        0.0023057227954268456,
        -0.021504947915673256,
        0.03347291052341461,
        0.013191656209528446,
        0.08757344633340836,
        0.998185932636261
      ],
      "num_transitions": 1134703,
      "num_trajectories": 5208
    }
  }
}