{
  "norm_stats": {
    "state": {
      "mean": [
        0.4331686198711395,
        -0.10096389800310135,
        0.2204393595457077,
        1.5737823247909546,
        -0.06651689857244492,
        0.28483080863952637,
        0.5856741070747375
      ],
      "std": [
        0.043808769434690475,
        0.20560862123966217,
        0.12615332007408142,
        2.2933759689331055,
        0.11794247478246689,
        0.553231954574585,
        0.39025768637657166
      ],
      "q01": [
        0.32164981961250305,
        -0.4734119474887848,
        0.014037493616342545,
        -3.1415927410125732,
        -0.36174505949020386,
        -0.37913617491722107,
        0.02436205744743347
      ],
      "q99": [
        0.5321165919303894,
        0.373312771320343,
        0.5784779191017151,
        3.1400585174560547,
        0.21960027515888214,
        1.548084020614624,
        0.9574604034423828
      ],
      "num_transitions": 360383,
      "num_trajectories": 1500,
      "min": [
        0.2454746514558792,
        -0.502901017665863,
        0.008792983368039131,
        -3.1415927410125732,
        -0.6728417873382568,
        -0.6331109404563904,
        0.0033830800093710423
      ],
      "max": [
        0.581696093082428,
        0.4334338903427124,
        0.6800903081893921,
        3.141592502593994,
        0.5395770072937012,
        1.814608097076416,
        0.9581596851348877
      ]
    },
    "actions": {
      "mean": [
        -0.00017238088184967637,
        -0.0002410546876490116,
        -0.00018245229148305953,
        -0.0013192340265959501,
        -0.00047203584108501673,
        0.0017563268775120378,
        0.5018327832221985
      ],
      "std": [
        0.001559027354232967,
        0.004096111748367548,
        0.004382767714560032,
        0.007539026439189911,
        0.005736698862165213,
        0.009775090031325817,
        0.4999966323375702
      ],
      "q01": [
        -0.004357981961220503,
        -0.009226879104971886,
        -0.008703821338713169,
        -0.02223495952785015,
        -0.015178746543824673,
        -0.021157991141080856,
        -9.999999960041972e-13
      ],
      "q99": [
        0.004019194282591343,
        0.00964477751404047,
        0.011616749688982964,
        0.02068568579852581,
        0.017481768503785133,
        0.03471215441823006,
        0.999755859375
      ],
      "num_transitions": 360383,
      "num_trajectories": 1500,
      "min": [
        -0.011354029178619385,
        -0.013108283281326294,
        -0.015989676117897034,
        -0.031386058777570724,
        -0.03825521841645241,
        -0.04438648372888565,
        0.0
      ],
      "max": [
        0.009217262268066406,
        0.0157451331615448,
        0.01879221200942993,
        0.03651775047183037,
        0.03134804219007492,
        0.05152471363544464,
        1.0
      ]
    }
  }
}